FileName,EmoClass
MSP-PODCAST_test3_0001,S
MSP-PODCAST_test3_0002,A
MSP-PODCAST_test3_0003,C
MSP-PODCAST_test3_0004,C
MSP-PODCAST_test3_0005,N
MSP-PODCAST_test3_0006,N
MSP-PODCAST_test3_0007,S
MSP-PODCAST_test3_0008,H
MSP-PODCAST_test3_0009,H
MSP-PODCAST_test3_0010,N
MSP-PODCAST_test3_0011,U
MSP-PODCAST_test3_0012,N
MSP-PODCAST_test3_0013,H
MSP-PODCAST_test3_0014,N
MSP-PODCAST_test3_0015,F
MSP-PODCAST_test3_0016,N
MSP-PODCAST_test3_0017,N
MSP-PODCAST_test3_0018,C
MSP-PODCAST_test3_0019,S
MSP-PODCAST_test3_0020,N
MSP-PODCAST_test3_0021,N
MSP-PODCAST_test3_0022,H
MSP-PODCAST_test3_0023,S
MSP-PODCAST_test3_0024,N
MSP-PODCAST_test3_0025,C
MSP-PODCAST_test3_0026,N
MSP-PODCAST_test3_0027,N
MSP-PODCAST_test3_0028,N
MSP-PODCAST_test3_0029,N
MSP-PODCAST_test3_0030,A
MSP-PODCAST_test3_0031,N
MSP-PODCAST_test3_0032,C
MSP-PODCAST_test3_0033,H
MSP-PODCAST_test3_0034,N
MSP-PODCAST_test3_0035,S
MSP-PODCAST_test3_0036,H
MSP-PODCAST_test3_0037,U
MSP-PODCAST_test3_0038,C
MSP-PODCAST_test3_0039,N
MSP-PODCAST_test3_0040,N
MSP-PODCAST_test3_0041,N
MSP-PODCAST_test3_0042,H
MSP-PODCAST_test3_0043,N
MSP-PODCAST_test3_0044,H
MSP-PODCAST_test3_0045,S
MSP-PODCAST_test3_0046,N
MSP-PODCAST_test3_0047,S
MSP-PODCAST_test3_0048,H
MSP-PODCAST_test3_0049,N
MSP-PODCAST_test3_0050,A
MSP-PODCAST_test3_0051,N
MSP-PODCAST_test3_0052,N
MSP-PODCAST_test3_0053,N
MSP-PODCAST_test3_0054,N
MSP-PODCAST_test3_0055,N
MSP-PODCAST_test3_0056,S
MSP-PODCAST_test3_0057,D
MSP-PODCAST_test3_0058,A
MSP-PODCAST_test3_0059,N
MSP-PODCAST_test3_0060,S
MSP-PODCAST_test3_0061,S
MSP-PODCAST_test3_0062,C
MSP-PODCAST_test3_0063,N
MSP-PODCAST_test3_0064,H
MSP-PODCAST_test3_0065,H
MSP-PODCAST_test3_0066,C
MSP-PODCAST_test3_0067,N
MSP-PODCAST_test3_0068,N
MSP-PODCAST_test3_0069,S
MSP-PODCAST_test3_0070,S
MSP-PODCAST_test3_0071,H
MSP-PODCAST_test3_0072,N
MSP-PODCAST_test3_0073,C
MSP-PODCAST_test3_0074,S
MSP-PODCAST_test3_0075,H
MSP-PODCAST_test3_0076,H
MSP-PODCAST_test3_0077,N
MSP-PODCAST_test3_0078,U
MSP-PODCAST_test3_0079,C
MSP-PODCAST_test3_0080,N
MSP-PODCAST_test3_0081,N
MSP-PODCAST_test3_0082,U
MSP-PODCAST_test3_0083,A
MSP-PODCAST_test3_0084,U
MSP-PODCAST_test3_0085,A
MSP-PODCAST_test3_0086,N
MSP-PODCAST_test3_0087,D
MSP-PODCAST_test3_0088,N
MSP-PODCAST_test3_0089,C
MSP-PODCAST_test3_0090,C
MSP-PODCAST_test3_0091,H
MSP-PODCAST_test3_0092,D
MSP-PODCAST_test3_0093,N
MSP-PODCAST_test3_0094,N
MSP-PODCAST_test3_0095,H
MSP-PODCAST_test3_0096,N
MSP-PODCAST_test3_0097,N
MSP-PODCAST_test3_0098,H
MSP-PODCAST_test3_0099,H
MSP-PODCAST_test3_0100,H
MSP-PODCAST_test3_0101,N
MSP-PODCAST_test3_0102,A
MSP-PODCAST_test3_0103,N
MSP-PODCAST_test3_0104,N
MSP-PODCAST_test3_0105,N
MSP-PODCAST_test3_0106,N
MSP-PODCAST_test3_0107,C
MSP-PODCAST_test3_0108,H
MSP-PODCAST_test3_0109,U
MSP-PODCAST_test3_0110,N
MSP-PODCAST_test3_0111,U
MSP-PODCAST_test3_0112,C
MSP-PODCAST_test3_0113,N
MSP-PODCAST_test3_0114,D
MSP-PODCAST_test3_0115,N
MSP-PODCAST_test3_0116,H
MSP-PODCAST_test3_0117,H
MSP-PODCAST_test3_0118,H
MSP-PODCAST_test3_0119,N
MSP-PODCAST_test3_0120,N
MSP-PODCAST_test3_0121,N
MSP-PODCAST_test3_0122,H
MSP-PODCAST_test3_0123,H
MSP-PODCAST_test3_0124,H
MSP-PODCAST_test3_0125,A
MSP-PODCAST_test3_0126,H
MSP-PODCAST_test3_0127,H
MSP-PODCAST_test3_0128,N
MSP-PODCAST_test3_0129,N
MSP-PODCAST_test3_0130,N
MSP-PODCAST_test3_0131,U
MSP-PODCAST_test3_0132,N
MSP-PODCAST_test3_0133,N
MSP-PODCAST_test3_0134,N
MSP-PODCAST_test3_0135,N
MSP-PODCAST_test3_0136,H
MSP-PODCAST_test3_0137,N
MSP-PODCAST_test3_0138,N
MSP-PODCAST_test3_0139,U
MSP-PODCAST_test3_0140,N
MSP-PODCAST_test3_0141,N
MSP-PODCAST_test3_0142,S
MSP-PODCAST_test3_0143,N
MSP-PODCAST_test3_0144,N
MSP-PODCAST_test3_0145,N
MSP-PODCAST_test3_0146,S
MSP-PODCAST_test3_0147,N
MSP-PODCAST_test3_0148,N
MSP-PODCAST_test3_0149,S
MSP-PODCAST_test3_0150,N
MSP-PODCAST_test3_0151,N
MSP-PODCAST_test3_0152,N
MSP-PODCAST_test3_0153,N
MSP-PODCAST_test3_0154,N
MSP-PODCAST_test3_0155,H
MSP-PODCAST_test3_0156,N
MSP-PODCAST_test3_0157,N
MSP-PODCAST_test3_0158,N
MSP-PODCAST_test3_0159,S
MSP-PODCAST_test3_0160,N
MSP-PODCAST_test3_0161,N
MSP-PODCAST_test3_0162,N
MSP-PODCAST_test3_0163,N
MSP-PODCAST_test3_0164,N
MSP-PODCAST_test3_0165,N
MSP-PODCAST_test3_0166,H
MSP-PODCAST_test3_0167,H
MSP-PODCAST_test3_0168,H
MSP-PODCAST_test3_0169,N
MSP-PODCAST_test3_0170,N
MSP-PODCAST_test3_0171,N
MSP-PODCAST_test3_0172,H
MSP-PODCAST_test3_0173,F
MSP-PODCAST_test3_0174,H
MSP-PODCAST_test3_0175,N
MSP-PODCAST_test3_0176,H
MSP-PODCAST_test3_0177,A
MSP-PODCAST_test3_0178,H
MSP-PODCAST_test3_0179,A
MSP-PODCAST_test3_0180,A
MSP-PODCAST_test3_0181,F
MSP-PODCAST_test3_0182,H
MSP-PODCAST_test3_0183,H
MSP-PODCAST_test3_0184,H
MSP-PODCAST_test3_0185,N
MSP-PODCAST_test3_0186,N
MSP-PODCAST_test3_0187,H
MSP-PODCAST_test3_0188,N
MSP-PODCAST_test3_0189,U
MSP-PODCAST_test3_0190,H
MSP-PODCAST_test3_0191,N
MSP-PODCAST_test3_0192,H
MSP-PODCAST_test3_0193,A
MSP-PODCAST_test3_0194,A
MSP-PODCAST_test3_0195,A
MSP-PODCAST_test3_0196,A
MSP-PODCAST_test3_0197,S
MSP-PODCAST_test3_0198,A
MSP-PODCAST_test3_0199,A
MSP-PODCAST_test3_0200,A
MSP-PODCAST_test3_0201,S
MSP-PODCAST_test3_0202,A
MSP-PODCAST_test3_0203,A
MSP-PODCAST_test3_0204,N
MSP-PODCAST_test3_0205,A
MSP-PODCAST_test3_0206,A
MSP-PODCAST_test3_0207,N
MSP-PODCAST_test3_0208,H
MSP-PODCAST_test3_0209,F
MSP-PODCAST_test3_0210,A
MSP-PODCAST_test3_0211,H
MSP-PODCAST_test3_0212,N
MSP-PODCAST_test3_0213,N
MSP-PODCAST_test3_0214,N
MSP-PODCAST_test3_0215,C
MSP-PODCAST_test3_0216,N
MSP-PODCAST_test3_0217,A
MSP-PODCAST_test3_0218,N
MSP-PODCAST_test3_0219,C
MSP-PODCAST_test3_0220,N
MSP-PODCAST_test3_0221,N
MSP-PODCAST_test3_0222,A
MSP-PODCAST_test3_0223,N
MSP-PODCAST_test3_0224,N
MSP-PODCAST_test3_0225,U
MSP-PODCAST_test3_0226,N
MSP-PODCAST_test3_0227,N
MSP-PODCAST_test3_0228,A
MSP-PODCAST_test3_0229,A
MSP-PODCAST_test3_0230,H
MSP-PODCAST_test3_0231,S
MSP-PODCAST_test3_0232,D
MSP-PODCAST_test3_0233,S
MSP-PODCAST_test3_0234,N
MSP-PODCAST_test3_0235,A
MSP-PODCAST_test3_0236,A
MSP-PODCAST_test3_0237,N
MSP-PODCAST_test3_0238,A
MSP-PODCAST_test3_0239,A
MSP-PODCAST_test3_0240,A
MSP-PODCAST_test3_0241,N
MSP-PODCAST_test3_0242,A
MSP-PODCAST_test3_0243,C
MSP-PODCAST_test3_0244,C
MSP-PODCAST_test3_0245,A
MSP-PODCAST_test3_0246,A
MSP-PODCAST_test3_0247,A
MSP-PODCAST_test3_0248,N
MSP-PODCAST_test3_0249,N
MSP-PODCAST_test3_0250,A
MSP-PODCAST_test3_0251,A
MSP-PODCAST_test3_0252,N
MSP-PODCAST_test3_0253,C
MSP-PODCAST_test3_0254,H
MSP-PODCAST_test3_0255,A
MSP-PODCAST_test3_0256,A
MSP-PODCAST_test3_0257,C
MSP-PODCAST_test3_0258,A
MSP-PODCAST_test3_0259,A
MSP-PODCAST_test3_0260,N
MSP-PODCAST_test3_0261,A
MSP-PODCAST_test3_0262,A
MSP-PODCAST_test3_0263,S
MSP-PODCAST_test3_0264,S
MSP-PODCAST_test3_0265,A
MSP-PODCAST_test3_0266,A
MSP-PODCAST_test3_0267,A
MSP-PODCAST_test3_0268,C
MSP-PODCAST_test3_0269,N
MSP-PODCAST_test3_0270,N
MSP-PODCAST_test3_0271,N
MSP-PODCAST_test3_0272,N
MSP-PODCAST_test3_0273,N
MSP-PODCAST_test3_0274,N
MSP-PODCAST_test3_0275,F
MSP-PODCAST_test3_0276,A
MSP-PODCAST_test3_0277,N
MSP-PODCAST_test3_0278,N
MSP-PODCAST_test3_0279,H
MSP-PODCAST_test3_0280,N
MSP-PODCAST_test3_0281,D
MSP-PODCAST_test3_0282,N
MSP-PODCAST_test3_0283,N
MSP-PODCAST_test3_0284,S
MSP-PODCAST_test3_0285,N
MSP-PODCAST_test3_0286,D
MSP-PODCAST_test3_0287,D
MSP-PODCAST_test3_0288,A
MSP-PODCAST_test3_0289,H
MSP-PODCAST_test3_0290,F
MSP-PODCAST_test3_0291,H
MSP-PODCAST_test3_0292,A
MSP-PODCAST_test3_0293,N
MSP-PODCAST_test3_0294,A
MSP-PODCAST_test3_0295,N
MSP-PODCAST_test3_0296,C
MSP-PODCAST_test3_0297,A
MSP-PODCAST_test3_0298,C
MSP-PODCAST_test3_0299,S
MSP-PODCAST_test3_0300,H
MSP-PODCAST_test3_0301,A
MSP-PODCAST_test3_0302,N
MSP-PODCAST_test3_0303,C
MSP-PODCAST_test3_0304,S
MSP-PODCAST_test3_0305,N
MSP-PODCAST_test3_0306,U
MSP-PODCAST_test3_0307,A
MSP-PODCAST_test3_0308,A
MSP-PODCAST_test3_0309,A
MSP-PODCAST_test3_0310,N
MSP-PODCAST_test3_0311,H
MSP-PODCAST_test3_0312,H
MSP-PODCAST_test3_0313,S
MSP-PODCAST_test3_0314,A
MSP-PODCAST_test3_0315,N
MSP-PODCAST_test3_0316,A
MSP-PODCAST_test3_0317,N
MSP-PODCAST_test3_0318,A
MSP-PODCAST_test3_0319,H
MSP-PODCAST_test3_0320,A
MSP-PODCAST_test3_0321,N
MSP-PODCAST_test3_0322,S
MSP-PODCAST_test3_0323,A
MSP-PODCAST_test3_0324,A
MSP-PODCAST_test3_0325,A
MSP-PODCAST_test3_0326,A
MSP-PODCAST_test3_0327,N
MSP-PODCAST_test3_0328,A
MSP-PODCAST_test3_0329,A
MSP-PODCAST_test3_0330,C
MSP-PODCAST_test3_0331,A
MSP-PODCAST_test3_0332,N
MSP-PODCAST_test3_0333,A
MSP-PODCAST_test3_0334,N
MSP-PODCAST_test3_0335,A
MSP-PODCAST_test3_0336,N
MSP-PODCAST_test3_0337,H
MSP-PODCAST_test3_0338,N
MSP-PODCAST_test3_0339,N
MSP-PODCAST_test3_0340,F
MSP-PODCAST_test3_0341,C
MSP-PODCAST_test3_0342,S
MSP-PODCAST_test3_0343,H
MSP-PODCAST_test3_0344,H
MSP-PODCAST_test3_0345,N
MSP-PODCAST_test3_0346,A
MSP-PODCAST_test3_0347,C
MSP-PODCAST_test3_0348,A
MSP-PODCAST_test3_0349,A
MSP-PODCAST_test3_0350,H
MSP-PODCAST_test3_0351,A
MSP-PODCAST_test3_0352,N
MSP-PODCAST_test3_0353,S
MSP-PODCAST_test3_0354,N
MSP-PODCAST_test3_0355,N
MSP-PODCAST_test3_0356,N
MSP-PODCAST_test3_0357,A
MSP-PODCAST_test3_0358,N
MSP-PODCAST_test3_0359,H
MSP-PODCAST_test3_0360,A
MSP-PODCAST_test3_0361,S
MSP-PODCAST_test3_0362,C
MSP-PODCAST_test3_0363,H
MSP-PODCAST_test3_0364,S
MSP-PODCAST_test3_0365,H
MSP-PODCAST_test3_0366,A
MSP-PODCAST_test3_0367,N
MSP-PODCAST_test3_0368,N
MSP-PODCAST_test3_0369,H
MSP-PODCAST_test3_0370,F
MSP-PODCAST_test3_0371,S
MSP-PODCAST_test3_0372,H
MSP-PODCAST_test3_0373,N
MSP-PODCAST_test3_0374,A
MSP-PODCAST_test3_0375,N
MSP-PODCAST_test3_0376,C
MSP-PODCAST_test3_0377,A
MSP-PODCAST_test3_0378,S
MSP-PODCAST_test3_0379,S
MSP-PODCAST_test3_0380,H
MSP-PODCAST_test3_0381,A
MSP-PODCAST_test3_0382,A
MSP-PODCAST_test3_0383,H
MSP-PODCAST_test3_0384,A
MSP-PODCAST_test3_0385,D
MSP-PODCAST_test3_0386,U
MSP-PODCAST_test3_0387,C
MSP-PODCAST_test3_0388,S
MSP-PODCAST_test3_0389,C
MSP-PODCAST_test3_0390,H
MSP-PODCAST_test3_0391,S
MSP-PODCAST_test3_0392,A
MSP-PODCAST_test3_0393,S
MSP-PODCAST_test3_0394,C
MSP-PODCAST_test3_0395,A
MSP-PODCAST_test3_0396,A
MSP-PODCAST_test3_0397,A
MSP-PODCAST_test3_0398,N
MSP-PODCAST_test3_0399,N
MSP-PODCAST_test3_0400,H
MSP-PODCAST_test3_0401,F
MSP-PODCAST_test3_0402,S
MSP-PODCAST_test3_0403,A
MSP-PODCAST_test3_0404,N
MSP-PODCAST_test3_0405,H
MSP-PODCAST_test3_0406,H
MSP-PODCAST_test3_0407,A
MSP-PODCAST_test3_0408,A
MSP-PODCAST_test3_0409,H
MSP-PODCAST_test3_0410,A
MSP-PODCAST_test3_0411,N
MSP-PODCAST_test3_0412,A
MSP-PODCAST_test3_0413,A
MSP-PODCAST_test3_0414,N
MSP-PODCAST_test3_0415,A
MSP-PODCAST_test3_0416,A
MSP-PODCAST_test3_0417,S
MSP-PODCAST_test3_0418,A
MSP-PODCAST_test3_0419,C
MSP-PODCAST_test3_0420,N
MSP-PODCAST_test3_0421,H
MSP-PODCAST_test3_0422,S
MSP-PODCAST_test3_0423,N
MSP-PODCAST_test3_0424,N
MSP-PODCAST_test3_0425,N
MSP-PODCAST_test3_0426,H
MSP-PODCAST_test3_0427,H
MSP-PODCAST_test3_0428,F
MSP-PODCAST_test3_0429,F
MSP-PODCAST_test3_0430,H
MSP-PODCAST_test3_0431,H
MSP-PODCAST_test3_0432,H
MSP-PODCAST_test3_0433,H
MSP-PODCAST_test3_0434,N
MSP-PODCAST_test3_0435,H
MSP-PODCAST_test3_0436,N
MSP-PODCAST_test3_0437,N
MSP-PODCAST_test3_0438,S
MSP-PODCAST_test3_0439,A
MSP-PODCAST_test3_0440,C
MSP-PODCAST_test3_0441,C
MSP-PODCAST_test3_0442,A
MSP-PODCAST_test3_0443,H
MSP-PODCAST_test3_0444,A
MSP-PODCAST_test3_0445,A
MSP-PODCAST_test3_0446,N
MSP-PODCAST_test3_0447,N
MSP-PODCAST_test3_0448,N
MSP-PODCAST_test3_0449,N
MSP-PODCAST_test3_0450,A
MSP-PODCAST_test3_0451,H
MSP-PODCAST_test3_0452,A
MSP-PODCAST_test3_0453,N
MSP-PODCAST_test3_0454,A
MSP-PODCAST_test3_0455,A
MSP-PODCAST_test3_0456,H
MSP-PODCAST_test3_0457,H
MSP-PODCAST_test3_0458,H
MSP-PODCAST_test3_0459,N
MSP-PODCAST_test3_0460,H
MSP-PODCAST_test3_0461,H
MSP-PODCAST_test3_0462,N
MSP-PODCAST_test3_0463,N
MSP-PODCAST_test3_0464,U
MSP-PODCAST_test3_0465,N
MSP-PODCAST_test3_0466,N
MSP-PODCAST_test3_0467,H
MSP-PODCAST_test3_0468,A
MSP-PODCAST_test3_0469,D
MSP-PODCAST_test3_0470,N
MSP-PODCAST_test3_0471,S
MSP-PODCAST_test3_0472,N
MSP-PODCAST_test3_0473,N
MSP-PODCAST_test3_0474,D
MSP-PODCAST_test3_0475,U
MSP-PODCAST_test3_0476,N
MSP-PODCAST_test3_0477,N
MSP-PODCAST_test3_0478,S
MSP-PODCAST_test3_0479,N
MSP-PODCAST_test3_0480,S
MSP-PODCAST_test3_0481,N
MSP-PODCAST_test3_0482,N
MSP-PODCAST_test3_0483,N
MSP-PODCAST_test3_0484,N
MSP-PODCAST_test3_0485,H
MSP-PODCAST_test3_0486,N
MSP-PODCAST_test3_0487,N
MSP-PODCAST_test3_0488,N
MSP-PODCAST_test3_0489,N
MSP-PODCAST_test3_0490,N
MSP-PODCAST_test3_0491,S
MSP-PODCAST_test3_0492,N
MSP-PODCAST_test3_0493,N
MSP-PODCAST_test3_0494,N
MSP-PODCAST_test3_0495,S
MSP-PODCAST_test3_0496,N
MSP-PODCAST_test3_0497,N
MSP-PODCAST_test3_0498,S
MSP-PODCAST_test3_0499,S
MSP-PODCAST_test3_0500,N
MSP-PODCAST_test3_0501,N
MSP-PODCAST_test3_0502,S
MSP-PODCAST_test3_0503,S
MSP-PODCAST_test3_0504,S
MSP-PODCAST_test3_0505,N
MSP-PODCAST_test3_0506,N
MSP-PODCAST_test3_0507,N
MSP-PODCAST_test3_0508,N
MSP-PODCAST_test3_0509,S
MSP-PODCAST_test3_0510,S
MSP-PODCAST_test3_0511,H
MSP-PODCAST_test3_0512,H
MSP-PODCAST_test3_0513,N
MSP-PODCAST_test3_0514,D
MSP-PODCAST_test3_0515,N
MSP-PODCAST_test3_0516,N
MSP-PODCAST_test3_0517,U
MSP-PODCAST_test3_0518,S
MSP-PODCAST_test3_0519,N
MSP-PODCAST_test3_0520,C
MSP-PODCAST_test3_0521,S
MSP-PODCAST_test3_0522,N
MSP-PODCAST_test3_0523,N
MSP-PODCAST_test3_0524,S
MSP-PODCAST_test3_0525,H
MSP-PODCAST_test3_0526,S
MSP-PODCAST_test3_0527,A
MSP-PODCAST_test3_0528,N
MSP-PODCAST_test3_0529,D
MSP-PODCAST_test3_0530,A
MSP-PODCAST_test3_0531,N
MSP-PODCAST_test3_0532,N
MSP-PODCAST_test3_0533,A
MSP-PODCAST_test3_0534,N
MSP-PODCAST_test3_0535,A
MSP-PODCAST_test3_0536,A
MSP-PODCAST_test3_0537,N
MSP-PODCAST_test3_0538,N
MSP-PODCAST_test3_0539,N
MSP-PODCAST_test3_0540,N
MSP-PODCAST_test3_0541,H
MSP-PODCAST_test3_0542,N
MSP-PODCAST_test3_0543,N
MSP-PODCAST_test3_0544,N
MSP-PODCAST_test3_0545,H
MSP-PODCAST_test3_0546,D
MSP-PODCAST_test3_0547,N
MSP-PODCAST_test3_0548,N
MSP-PODCAST_test3_0549,D
MSP-PODCAST_test3_0550,S
MSP-PODCAST_test3_0551,F
MSP-PODCAST_test3_0552,N
MSP-PODCAST_test3_0553,H
MSP-PODCAST_test3_0554,H
MSP-PODCAST_test3_0555,H
MSP-PODCAST_test3_0556,H
MSP-PODCAST_test3_0557,S
MSP-PODCAST_test3_0558,U
MSP-PODCAST_test3_0559,A
MSP-PODCAST_test3_0560,S
MSP-PODCAST_test3_0561,H
MSP-PODCAST_test3_0562,A
MSP-PODCAST_test3_0563,H
MSP-PODCAST_test3_0564,U
MSP-PODCAST_test3_0565,S
MSP-PODCAST_test3_0566,N
MSP-PODCAST_test3_0567,N
MSP-PODCAST_test3_0568,N
MSP-PODCAST_test3_0569,N
MSP-PODCAST_test3_0570,N
MSP-PODCAST_test3_0571,N
MSP-PODCAST_test3_0572,H
MSP-PODCAST_test3_0573,H
MSP-PODCAST_test3_0574,N
MSP-PODCAST_test3_0575,F
MSP-PODCAST_test3_0576,C
MSP-PODCAST_test3_0577,H
MSP-PODCAST_test3_0578,N
MSP-PODCAST_test3_0579,F
MSP-PODCAST_test3_0580,N
MSP-PODCAST_test3_0581,H
MSP-PODCAST_test3_0582,N
MSP-PODCAST_test3_0583,A
MSP-PODCAST_test3_0584,N
MSP-PODCAST_test3_0585,N
MSP-PODCAST_test3_0586,F
MSP-PODCAST_test3_0587,S
MSP-PODCAST_test3_0588,S
MSP-PODCAST_test3_0589,D
MSP-PODCAST_test3_0590,D
MSP-PODCAST_test3_0591,D
MSP-PODCAST_test3_0592,N
MSP-PODCAST_test3_0593,H
MSP-PODCAST_test3_0594,H
MSP-PODCAST_test3_0595,H
MSP-PODCAST_test3_0596,H
MSP-PODCAST_test3_0597,N
MSP-PODCAST_test3_0598,H
MSP-PODCAST_test3_0599,H
MSP-PODCAST_test3_0600,H
MSP-PODCAST_test3_0601,A
MSP-PODCAST_test3_0602,N
MSP-PODCAST_test3_0603,N
MSP-PODCAST_test3_0604,A
MSP-PODCAST_test3_0605,N
MSP-PODCAST_test3_0606,N
MSP-PODCAST_test3_0607,H
MSP-PODCAST_test3_0608,N
MSP-PODCAST_test3_0609,H
MSP-PODCAST_test3_0610,N
MSP-PODCAST_test3_0611,N
MSP-PODCAST_test3_0612,U
MSP-PODCAST_test3_0613,N
MSP-PODCAST_test3_0614,N
MSP-PODCAST_test3_0615,N
MSP-PODCAST_test3_0616,N
MSP-PODCAST_test3_0617,N
MSP-PODCAST_test3_0618,A
MSP-PODCAST_test3_0619,U
MSP-PODCAST_test3_0620,H
MSP-PODCAST_test3_0621,H
MSP-PODCAST_test3_0622,H
MSP-PODCAST_test3_0623,N
MSP-PODCAST_test3_0624,H
MSP-PODCAST_test3_0625,A
MSP-PODCAST_test3_0626,A
MSP-PODCAST_test3_0627,S
MSP-PODCAST_test3_0628,N
MSP-PODCAST_test3_0629,H
MSP-PODCAST_test3_0630,H
MSP-PODCAST_test3_0631,S
MSP-PODCAST_test3_0632,S
MSP-PODCAST_test3_0633,A
MSP-PODCAST_test3_0634,N
MSP-PODCAST_test3_0635,N
MSP-PODCAST_test3_0636,N
MSP-PODCAST_test3_0637,S
MSP-PODCAST_test3_0638,N
MSP-PODCAST_test3_0639,U
MSP-PODCAST_test3_0640,A
MSP-PODCAST_test3_0641,N
MSP-PODCAST_test3_0642,A
MSP-PODCAST_test3_0643,N
MSP-PODCAST_test3_0644,H
MSP-PODCAST_test3_0645,H
MSP-PODCAST_test3_0646,H
MSP-PODCAST_test3_0647,N
MSP-PODCAST_test3_0648,H
MSP-PODCAST_test3_0649,N
MSP-PODCAST_test3_0650,N
MSP-PODCAST_test3_0651,N
MSP-PODCAST_test3_0652,H
MSP-PODCAST_test3_0653,S
MSP-PODCAST_test3_0654,H
MSP-PODCAST_test3_0655,H
MSP-PODCAST_test3_0656,S
MSP-PODCAST_test3_0657,S
MSP-PODCAST_test3_0658,H
MSP-PODCAST_test3_0659,H
MSP-PODCAST_test3_0660,N
MSP-PODCAST_test3_0661,N
MSP-PODCAST_test3_0662,N
MSP-PODCAST_test3_0663,H
MSP-PODCAST_test3_0664,N
MSP-PODCAST_test3_0665,N
MSP-PODCAST_test3_0666,N
MSP-PODCAST_test3_0667,N
MSP-PODCAST_test3_0668,S
MSP-PODCAST_test3_0669,H
MSP-PODCAST_test3_0670,S
MSP-PODCAST_test3_0671,F
MSP-PODCAST_test3_0672,D
MSP-PODCAST_test3_0673,H
MSP-PODCAST_test3_0674,N
MSP-PODCAST_test3_0675,C
MSP-PODCAST_test3_0676,H
MSP-PODCAST_test3_0677,H
MSP-PODCAST_test3_0678,H
MSP-PODCAST_test3_0679,N
MSP-PODCAST_test3_0680,H
MSP-PODCAST_test3_0681,F
MSP-PODCAST_test3_0682,H
MSP-PODCAST_test3_0683,H
MSP-PODCAST_test3_0684,N
MSP-PODCAST_test3_0685,H
MSP-PODCAST_test3_0686,N
MSP-PODCAST_test3_0687,N
MSP-PODCAST_test3_0688,N
MSP-PODCAST_test3_0689,S
MSP-PODCAST_test3_0690,H
MSP-PODCAST_test3_0691,H
MSP-PODCAST_test3_0692,N
MSP-PODCAST_test3_0693,N
MSP-PODCAST_test3_0694,H
MSP-PODCAST_test3_0695,F
MSP-PODCAST_test3_0696,N
MSP-PODCAST_test3_0697,H
MSP-PODCAST_test3_0698,N
MSP-PODCAST_test3_0699,N
MSP-PODCAST_test3_0700,N
MSP-PODCAST_test3_0701,H
MSP-PODCAST_test3_0702,N
MSP-PODCAST_test3_0703,S
MSP-PODCAST_test3_0704,H
MSP-PODCAST_test3_0705,H
MSP-PODCAST_test3_0706,N
MSP-PODCAST_test3_0707,H
MSP-PODCAST_test3_0708,H
MSP-PODCAST_test3_0709,N
MSP-PODCAST_test3_0710,H
MSP-PODCAST_test3_0711,N
MSP-PODCAST_test3_0712,N
MSP-PODCAST_test3_0713,N
MSP-PODCAST_test3_0714,A
MSP-PODCAST_test3_0715,N
MSP-PODCAST_test3_0716,H
MSP-PODCAST_test3_0717,N
MSP-PODCAST_test3_0718,N
MSP-PODCAST_test3_0719,D
MSP-PODCAST_test3_0720,N
MSP-PODCAST_test3_0721,A
MSP-PODCAST_test3_0722,A
MSP-PODCAST_test3_0723,N
MSP-PODCAST_test3_0724,H
MSP-PODCAST_test3_0725,N
MSP-PODCAST_test3_0726,N
MSP-PODCAST_test3_0727,S
MSP-PODCAST_test3_0728,A
MSP-PODCAST_test3_0729,U
MSP-PODCAST_test3_0730,S
MSP-PODCAST_test3_0731,N
MSP-PODCAST_test3_0732,S
MSP-PODCAST_test3_0733,C
MSP-PODCAST_test3_0734,N
MSP-PODCAST_test3_0735,N
MSP-PODCAST_test3_0736,F
MSP-PODCAST_test3_0737,H
MSP-PODCAST_test3_0738,H
MSP-PODCAST_test3_0739,S
MSP-PODCAST_test3_0740,F
MSP-PODCAST_test3_0741,N
MSP-PODCAST_test3_0742,U
MSP-PODCAST_test3_0743,S
MSP-PODCAST_test3_0744,N
MSP-PODCAST_test3_0745,N
MSP-PODCAST_test3_0746,S
MSP-PODCAST_test3_0747,C
MSP-PODCAST_test3_0748,N
MSP-PODCAST_test3_0749,N
MSP-PODCAST_test3_0750,N
MSP-PODCAST_test3_0751,N
MSP-PODCAST_test3_0752,N
MSP-PODCAST_test3_0753,N
MSP-PODCAST_test3_0754,H
MSP-PODCAST_test3_0755,S
MSP-PODCAST_test3_0756,S
MSP-PODCAST_test3_0757,N
MSP-PODCAST_test3_0758,F
MSP-PODCAST_test3_0759,N
MSP-PODCAST_test3_0760,N
MSP-PODCAST_test3_0761,S
MSP-PODCAST_test3_0762,S
MSP-PODCAST_test3_0763,N
MSP-PODCAST_test3_0764,N
MSP-PODCAST_test3_0765,S
MSP-PODCAST_test3_0766,U
MSP-PODCAST_test3_0767,S
MSP-PODCAST_test3_0768,N
MSP-PODCAST_test3_0769,A
MSP-PODCAST_test3_0770,H
MSP-PODCAST_test3_0771,A
MSP-PODCAST_test3_0772,N
MSP-PODCAST_test3_0773,N
MSP-PODCAST_test3_0774,H
MSP-PODCAST_test3_0775,N
MSP-PODCAST_test3_0776,H
MSP-PODCAST_test3_0777,N
MSP-PODCAST_test3_0778,F
MSP-PODCAST_test3_0779,N
MSP-PODCAST_test3_0780,N
MSP-PODCAST_test3_0781,N
MSP-PODCAST_test3_0782,S
MSP-PODCAST_test3_0783,U
MSP-PODCAST_test3_0784,S
MSP-PODCAST_test3_0785,N
MSP-PODCAST_test3_0786,S
MSP-PODCAST_test3_0787,N
MSP-PODCAST_test3_0788,D
MSP-PODCAST_test3_0789,F
MSP-PODCAST_test3_0790,N
MSP-PODCAST_test3_0791,S
MSP-PODCAST_test3_0792,H
MSP-PODCAST_test3_0793,D
MSP-PODCAST_test3_0794,U
MSP-PODCAST_test3_0795,N
MSP-PODCAST_test3_0796,U
MSP-PODCAST_test3_0797,A
MSP-PODCAST_test3_0798,H
MSP-PODCAST_test3_0799,N
MSP-PODCAST_test3_0800,A
MSP-PODCAST_test3_0801,N
MSP-PODCAST_test3_0802,D
MSP-PODCAST_test3_0803,H
MSP-PODCAST_test3_0804,D
MSP-PODCAST_test3_0805,N
MSP-PODCAST_test3_0806,N
MSP-PODCAST_test3_0807,A
MSP-PODCAST_test3_0808,A
MSP-PODCAST_test3_0809,N
MSP-PODCAST_test3_0810,A
MSP-PODCAST_test3_0811,H
MSP-PODCAST_test3_0812,N
MSP-PODCAST_test3_0813,N
MSP-PODCAST_test3_0814,H
MSP-PODCAST_test3_0815,N
MSP-PODCAST_test3_0816,N
MSP-PODCAST_test3_0817,N
MSP-PODCAST_test3_0818,S
MSP-PODCAST_test3_0819,H
MSP-PODCAST_test3_0820,N
MSP-PODCAST_test3_0821,H
MSP-PODCAST_test3_0822,N
MSP-PODCAST_test3_0823,H
MSP-PODCAST_test3_0824,S
MSP-PODCAST_test3_0825,H
MSP-PODCAST_test3_0826,N
MSP-PODCAST_test3_0827,N
MSP-PODCAST_test3_0828,H
MSP-PODCAST_test3_0829,H
MSP-PODCAST_test3_0830,D
MSP-PODCAST_test3_0831,N
MSP-PODCAST_test3_0832,C
MSP-PODCAST_test3_0833,H
MSP-PODCAST_test3_0834,A
MSP-PODCAST_test3_0835,S
MSP-PODCAST_test3_0836,N
MSP-PODCAST_test3_0837,S
MSP-PODCAST_test3_0838,S
MSP-PODCAST_test3_0839,S
MSP-PODCAST_test3_0840,F
MSP-PODCAST_test3_0841,H
MSP-PODCAST_test3_0842,N
MSP-PODCAST_test3_0843,H
MSP-PODCAST_test3_0844,N
MSP-PODCAST_test3_0845,U
MSP-PODCAST_test3_0846,N
MSP-PODCAST_test3_0847,H
MSP-PODCAST_test3_0848,S
MSP-PODCAST_test3_0849,H
MSP-PODCAST_test3_0850,N
MSP-PODCAST_test3_0851,N
MSP-PODCAST_test3_0852,N
MSP-PODCAST_test3_0853,N
MSP-PODCAST_test3_0854,S
MSP-PODCAST_test3_0855,N
MSP-PODCAST_test3_0856,N
MSP-PODCAST_test3_0857,N
MSP-PODCAST_test3_0858,H
MSP-PODCAST_test3_0859,H
MSP-PODCAST_test3_0860,N
MSP-PODCAST_test3_0861,N
MSP-PODCAST_test3_0862,N
MSP-PODCAST_test3_0863,F
MSP-PODCAST_test3_0864,N
MSP-PODCAST_test3_0865,N
MSP-PODCAST_test3_0866,H
MSP-PODCAST_test3_0867,S
MSP-PODCAST_test3_0868,H
MSP-PODCAST_test3_0869,N
MSP-PODCAST_test3_0870,H
MSP-PODCAST_test3_0871,H
MSP-PODCAST_test3_0872,N
MSP-PODCAST_test3_0873,N
MSP-PODCAST_test3_0874,N
MSP-PODCAST_test3_0875,S
MSP-PODCAST_test3_0876,N
MSP-PODCAST_test3_0877,U
MSP-PODCAST_test3_0878,H
MSP-PODCAST_test3_0879,A
MSP-PODCAST_test3_0880,H
MSP-PODCAST_test3_0881,N
MSP-PODCAST_test3_0882,N
MSP-PODCAST_test3_0883,H
MSP-PODCAST_test3_0884,N
MSP-PODCAST_test3_0885,A
MSP-PODCAST_test3_0886,S
MSP-PODCAST_test3_0887,S
MSP-PODCAST_test3_0888,N
MSP-PODCAST_test3_0889,H
MSP-PODCAST_test3_0890,N
MSP-PODCAST_test3_0891,N
MSP-PODCAST_test3_0892,U
MSP-PODCAST_test3_0893,N
MSP-PODCAST_test3_0894,U
MSP-PODCAST_test3_0895,H
MSP-PODCAST_test3_0896,H
MSP-PODCAST_test3_0897,N
MSP-PODCAST_test3_0898,N
MSP-PODCAST_test3_0899,N
MSP-PODCAST_test3_0900,H
MSP-PODCAST_test3_0901,S
MSP-PODCAST_test3_0902,N
MSP-PODCAST_test3_0903,S
MSP-PODCAST_test3_0904,N
MSP-PODCAST_test3_0905,S
MSP-PODCAST_test3_0906,N
MSP-PODCAST_test3_0907,C
MSP-PODCAST_test3_0908,H
MSP-PODCAST_test3_0909,C
MSP-PODCAST_test3_0910,N
MSP-PODCAST_test3_0911,H
MSP-PODCAST_test3_0912,D
MSP-PODCAST_test3_0913,F
MSP-PODCAST_test3_0914,A
MSP-PODCAST_test3_0915,N
MSP-PODCAST_test3_0916,S
MSP-PODCAST_test3_0917,N
MSP-PODCAST_test3_0918,N
MSP-PODCAST_test3_0919,S
MSP-PODCAST_test3_0920,A
MSP-PODCAST_test3_0921,F
MSP-PODCAST_test3_0922,N
MSP-PODCAST_test3_0923,N
MSP-PODCAST_test3_0924,H
MSP-PODCAST_test3_0925,N
MSP-PODCAST_test3_0926,N
MSP-PODCAST_test3_0927,H
MSP-PODCAST_test3_0928,H
MSP-PODCAST_test3_0929,N
MSP-PODCAST_test3_0930,N
MSP-PODCAST_test3_0931,H
MSP-PODCAST_test3_0932,N
MSP-PODCAST_test3_0933,N
MSP-PODCAST_test3_0934,D
MSP-PODCAST_test3_0935,N
MSP-PODCAST_test3_0936,A
MSP-PODCAST_test3_0937,N
MSP-PODCAST_test3_0938,F
MSP-PODCAST_test3_0939,C
MSP-PODCAST_test3_0940,U
MSP-PODCAST_test3_0941,N
MSP-PODCAST_test3_0942,N
MSP-PODCAST_test3_0943,N
MSP-PODCAST_test3_0944,H
MSP-PODCAST_test3_0945,N
MSP-PODCAST_test3_0946,H
MSP-PODCAST_test3_0947,A
MSP-PODCAST_test3_0948,N
MSP-PODCAST_test3_0949,S
MSP-PODCAST_test3_0950,N
MSP-PODCAST_test3_0951,N
MSP-PODCAST_test3_0952,N
MSP-PODCAST_test3_0953,N
MSP-PODCAST_test3_0954,F
MSP-PODCAST_test3_0955,N
MSP-PODCAST_test3_0956,N
MSP-PODCAST_test3_0957,N
MSP-PODCAST_test3_0958,A
MSP-PODCAST_test3_0959,H
MSP-PODCAST_test3_0960,H
MSP-PODCAST_test3_0961,S
MSP-PODCAST_test3_0962,N
MSP-PODCAST_test3_0963,C
MSP-PODCAST_test3_0964,H
MSP-PODCAST_test3_0965,H
MSP-PODCAST_test3_0966,A
MSP-PODCAST_test3_0967,N
MSP-PODCAST_test3_0968,H
MSP-PODCAST_test3_0969,N
MSP-PODCAST_test3_0970,N
MSP-PODCAST_test3_0971,U
MSP-PODCAST_test3_0972,N
MSP-PODCAST_test3_0973,N
MSP-PODCAST_test3_0974,H
MSP-PODCAST_test3_0975,N
MSP-PODCAST_test3_0976,A
MSP-PODCAST_test3_0977,A
MSP-PODCAST_test3_0978,A
MSP-PODCAST_test3_0979,A
MSP-PODCAST_test3_0980,D
MSP-PODCAST_test3_0981,S
MSP-PODCAST_test3_0982,S
MSP-PODCAST_test3_0983,S
MSP-PODCAST_test3_0984,H
MSP-PODCAST_test3_0985,A
MSP-PODCAST_test3_0986,N
MSP-PODCAST_test3_0987,H
MSP-PODCAST_test3_0988,C
MSP-PODCAST_test3_0989,D
MSP-PODCAST_test3_0990,N
MSP-PODCAST_test3_0991,N
MSP-PODCAST_test3_0992,S
MSP-PODCAST_test3_0993,A
MSP-PODCAST_test3_0994,N
MSP-PODCAST_test3_0995,H
MSP-PODCAST_test3_0996,N
MSP-PODCAST_test3_0997,N
MSP-PODCAST_test3_0998,A
MSP-PODCAST_test3_0999,N
MSP-PODCAST_test3_1000,N
MSP-PODCAST_test3_1001,N
MSP-PODCAST_test3_1002,N
MSP-PODCAST_test3_1003,S
MSP-PODCAST_test3_1004,A
MSP-PODCAST_test3_1005,A
MSP-PODCAST_test3_1006,S
MSP-PODCAST_test3_1007,N
MSP-PODCAST_test3_1008,A
MSP-PODCAST_test3_1009,N
MSP-PODCAST_test3_1010,N
MSP-PODCAST_test3_1011,H
MSP-PODCAST_test3_1012,A
MSP-PODCAST_test3_1013,A
MSP-PODCAST_test3_1014,N
MSP-PODCAST_test3_1015,U
MSP-PODCAST_test3_1016,H
MSP-PODCAST_test3_1017,H
MSP-PODCAST_test3_1018,N
MSP-PODCAST_test3_1019,H
MSP-PODCAST_test3_1020,N
MSP-PODCAST_test3_1021,A
MSP-PODCAST_test3_1022,H
MSP-PODCAST_test3_1023,N
MSP-PODCAST_test3_1024,S
MSP-PODCAST_test3_1025,S
MSP-PODCAST_test3_1026,N
MSP-PODCAST_test3_1027,N
MSP-PODCAST_test3_1028,N
MSP-PODCAST_test3_1029,N
MSP-PODCAST_test3_1030,N
MSP-PODCAST_test3_1031,H
MSP-PODCAST_test3_1032,S
MSP-PODCAST_test3_1033,N
MSP-PODCAST_test3_1034,N
MSP-PODCAST_test3_1035,D
MSP-PODCAST_test3_1036,H
MSP-PODCAST_test3_1037,A
MSP-PODCAST_test3_1038,N
MSP-PODCAST_test3_1039,N
MSP-PODCAST_test3_1040,N
MSP-PODCAST_test3_1041,H
MSP-PODCAST_test3_1042,N
MSP-PODCAST_test3_1043,N
MSP-PODCAST_test3_1044,A
MSP-PODCAST_test3_1045,A
MSP-PODCAST_test3_1046,N
MSP-PODCAST_test3_1047,N
MSP-PODCAST_test3_1048,N
MSP-PODCAST_test3_1049,N
MSP-PODCAST_test3_1050,N
MSP-PODCAST_test3_1051,N
MSP-PODCAST_test3_1052,H
MSP-PODCAST_test3_1053,H
MSP-PODCAST_test3_1054,N
MSP-PODCAST_test3_1055,H
MSP-PODCAST_test3_1056,N
MSP-PODCAST_test3_1057,A
MSP-PODCAST_test3_1058,A
MSP-PODCAST_test3_1059,N
MSP-PODCAST_test3_1060,N
MSP-PODCAST_test3_1061,C
MSP-PODCAST_test3_1062,N
MSP-PODCAST_test3_1063,H
MSP-PODCAST_test3_1064,H
MSP-PODCAST_test3_1065,H
MSP-PODCAST_test3_1066,F
MSP-PODCAST_test3_1067,S
MSP-PODCAST_test3_1068,D
MSP-PODCAST_test3_1069,D
MSP-PODCAST_test3_1070,N
MSP-PODCAST_test3_1071,H
MSP-PODCAST_test3_1072,C
MSP-PODCAST_test3_1073,A
MSP-PODCAST_test3_1074,D
MSP-PODCAST_test3_1075,N
MSP-PODCAST_test3_1076,H
MSP-PODCAST_test3_1077,S
MSP-PODCAST_test3_1078,S
MSP-PODCAST_test3_1079,A
MSP-PODCAST_test3_1080,U
MSP-PODCAST_test3_1081,H
MSP-PODCAST_test3_1082,N
MSP-PODCAST_test3_1083,H
MSP-PODCAST_test3_1084,A
MSP-PODCAST_test3_1085,S
MSP-PODCAST_test3_1086,S
MSP-PODCAST_test3_1087,N
MSP-PODCAST_test3_1088,S
MSP-PODCAST_test3_1089,N
MSP-PODCAST_test3_1090,H
MSP-PODCAST_test3_1091,N
MSP-PODCAST_test3_1092,H
MSP-PODCAST_test3_1093,A
MSP-PODCAST_test3_1094,A
MSP-PODCAST_test3_1095,H
MSP-PODCAST_test3_1096,A
MSP-PODCAST_test3_1097,A
MSP-PODCAST_test3_1098,H
MSP-PODCAST_test3_1099,A
MSP-PODCAST_test3_1100,D
MSP-PODCAST_test3_1101,S
MSP-PODCAST_test3_1102,H
MSP-PODCAST_test3_1103,C
MSP-PODCAST_test3_1104,S
MSP-PODCAST_test3_1105,N
MSP-PODCAST_test3_1106,S
MSP-PODCAST_test3_1107,D
MSP-PODCAST_test3_1108,U
MSP-PODCAST_test3_1109,H
MSP-PODCAST_test3_1110,H
MSP-PODCAST_test3_1111,C
MSP-PODCAST_test3_1112,A
MSP-PODCAST_test3_1113,N
MSP-PODCAST_test3_1114,H
MSP-PODCAST_test3_1115,S
MSP-PODCAST_test3_1116,U
MSP-PODCAST_test3_1117,S
MSP-PODCAST_test3_1118,N
MSP-PODCAST_test3_1119,H
MSP-PODCAST_test3_1120,N
MSP-PODCAST_test3_1121,A
MSP-PODCAST_test3_1122,N
MSP-PODCAST_test3_1123,C
MSP-PODCAST_test3_1124,N
MSP-PODCAST_test3_1125,U
MSP-PODCAST_test3_1126,S
MSP-PODCAST_test3_1127,U
MSP-PODCAST_test3_1128,H
MSP-PODCAST_test3_1129,A
MSP-PODCAST_test3_1130,A
MSP-PODCAST_test3_1131,F
MSP-PODCAST_test3_1132,N
MSP-PODCAST_test3_1133,S
MSP-PODCAST_test3_1134,H
MSP-PODCAST_test3_1135,H
MSP-PODCAST_test3_1136,S
MSP-PODCAST_test3_1137,C
MSP-PODCAST_test3_1138,N
MSP-PODCAST_test3_1139,H
MSP-PODCAST_test3_1140,N
MSP-PODCAST_test3_1141,A
MSP-PODCAST_test3_1142,D
MSP-PODCAST_test3_1143,U
MSP-PODCAST_test3_1144,S
MSP-PODCAST_test3_1145,H
MSP-PODCAST_test3_1146,N
MSP-PODCAST_test3_1147,H
MSP-PODCAST_test3_1148,H
MSP-PODCAST_test3_1149,H
MSP-PODCAST_test3_1150,H
MSP-PODCAST_test3_1151,N
MSP-PODCAST_test3_1152,F
MSP-PODCAST_test3_1153,F
MSP-PODCAST_test3_1154,A
MSP-PODCAST_test3_1155,N
MSP-PODCAST_test3_1156,N
MSP-PODCAST_test3_1157,C
MSP-PODCAST_test3_1158,A
MSP-PODCAST_test3_1159,A
MSP-PODCAST_test3_1160,N
MSP-PODCAST_test3_1161,N
MSP-PODCAST_test3_1162,D
MSP-PODCAST_test3_1163,S
MSP-PODCAST_test3_1164,H
MSP-PODCAST_test3_1165,C
MSP-PODCAST_test3_1166,H
MSP-PODCAST_test3_1167,D
MSP-PODCAST_test3_1168,N
MSP-PODCAST_test3_1169,F
MSP-PODCAST_test3_1170,H
MSP-PODCAST_test3_1171,A
MSP-PODCAST_test3_1172,A
MSP-PODCAST_test3_1173,S
MSP-PODCAST_test3_1174,H
MSP-PODCAST_test3_1175,C
MSP-PODCAST_test3_1176,N
MSP-PODCAST_test3_1177,N
MSP-PODCAST_test3_1178,U
MSP-PODCAST_test3_1179,D
MSP-PODCAST_test3_1180,S
MSP-PODCAST_test3_1181,N
MSP-PODCAST_test3_1182,H
MSP-PODCAST_test3_1183,H
MSP-PODCAST_test3_1184,N
MSP-PODCAST_test3_1185,N
MSP-PODCAST_test3_1186,A
MSP-PODCAST_test3_1187,D
MSP-PODCAST_test3_1188,H
MSP-PODCAST_test3_1189,A
MSP-PODCAST_test3_1190,H
MSP-PODCAST_test3_1191,C
MSP-PODCAST_test3_1192,A
MSP-PODCAST_test3_1193,N
MSP-PODCAST_test3_1194,S
MSP-PODCAST_test3_1195,N
MSP-PODCAST_test3_1196,S
MSP-PODCAST_test3_1197,H
MSP-PODCAST_test3_1198,N
MSP-PODCAST_test3_1199,H
MSP-PODCAST_test3_1200,N
MSP-PODCAST_test3_1201,A
MSP-PODCAST_test3_1202,A
MSP-PODCAST_test3_1203,S
MSP-PODCAST_test3_1204,N
MSP-PODCAST_test3_1205,C
MSP-PODCAST_test3_1206,U
MSP-PODCAST_test3_1207,N
MSP-PODCAST_test3_1208,N
MSP-PODCAST_test3_1209,N
MSP-PODCAST_test3_1210,A
MSP-PODCAST_test3_1211,H
MSP-PODCAST_test3_1212,A
MSP-PODCAST_test3_1213,N
MSP-PODCAST_test3_1214,A
MSP-PODCAST_test3_1215,N
MSP-PODCAST_test3_1216,S
MSP-PODCAST_test3_1217,S
MSP-PODCAST_test3_1218,C
MSP-PODCAST_test3_1219,C
MSP-PODCAST_test3_1220,N
MSP-PODCAST_test3_1221,N
MSP-PODCAST_test3_1222,N
MSP-PODCAST_test3_1223,U
MSP-PODCAST_test3_1224,S
MSP-PODCAST_test3_1225,N
MSP-PODCAST_test3_1226,S
MSP-PODCAST_test3_1227,N
MSP-PODCAST_test3_1228,S
MSP-PODCAST_test3_1229,S
MSP-PODCAST_test3_1230,F
MSP-PODCAST_test3_1231,F
MSP-PODCAST_test3_1232,F
MSP-PODCAST_test3_1233,N
MSP-PODCAST_test3_1234,U
MSP-PODCAST_test3_1235,H
MSP-PODCAST_test3_1236,S
MSP-PODCAST_test3_1237,A
MSP-PODCAST_test3_1238,H
MSP-PODCAST_test3_1239,H
MSP-PODCAST_test3_1240,N
MSP-PODCAST_test3_1241,H
MSP-PODCAST_test3_1242,N
MSP-PODCAST_test3_1243,A
MSP-PODCAST_test3_1244,A
MSP-PODCAST_test3_1245,N
MSP-PODCAST_test3_1246,A
MSP-PODCAST_test3_1247,N
MSP-PODCAST_test3_1248,N
MSP-PODCAST_test3_1249,N
MSP-PODCAST_test3_1250,D
MSP-PODCAST_test3_1251,A
MSP-PODCAST_test3_1252,N
MSP-PODCAST_test3_1253,N
MSP-PODCAST_test3_1254,S
MSP-PODCAST_test3_1255,N
MSP-PODCAST_test3_1256,N
MSP-PODCAST_test3_1257,S
MSP-PODCAST_test3_1258,F
MSP-PODCAST_test3_1259,N
MSP-PODCAST_test3_1260,N
MSP-PODCAST_test3_1261,A
MSP-PODCAST_test3_1262,H
MSP-PODCAST_test3_1263,A
MSP-PODCAST_test3_1264,N
MSP-PODCAST_test3_1265,D
MSP-PODCAST_test3_1266,H
MSP-PODCAST_test3_1267,N
MSP-PODCAST_test3_1268,A
MSP-PODCAST_test3_1269,F
MSP-PODCAST_test3_1270,A
MSP-PODCAST_test3_1271,N
MSP-PODCAST_test3_1272,N
MSP-PODCAST_test3_1273,N
MSP-PODCAST_test3_1274,N
MSP-PODCAST_test3_1275,H
MSP-PODCAST_test3_1276,S
MSP-PODCAST_test3_1277,H
MSP-PODCAST_test3_1278,N
MSP-PODCAST_test3_1279,H
MSP-PODCAST_test3_1280,H
MSP-PODCAST_test3_1281,N
MSP-PODCAST_test3_1282,U
MSP-PODCAST_test3_1283,F
MSP-PODCAST_test3_1284,U
MSP-PODCAST_test3_1285,H
MSP-PODCAST_test3_1286,S
MSP-PODCAST_test3_1287,N
MSP-PODCAST_test3_1288,D
MSP-PODCAST_test3_1289,N
MSP-PODCAST_test3_1290,A
MSP-PODCAST_test3_1291,H
MSP-PODCAST_test3_1292,A
MSP-PODCAST_test3_1293,N
MSP-PODCAST_test3_1294,N
MSP-PODCAST_test3_1295,H
MSP-PODCAST_test3_1296,H
MSP-PODCAST_test3_1297,C
MSP-PODCAST_test3_1298,N
MSP-PODCAST_test3_1299,N
MSP-PODCAST_test3_1300,C
MSP-PODCAST_test3_1301,S
MSP-PODCAST_test3_1302,U
MSP-PODCAST_test3_1303,U
MSP-PODCAST_test3_1304,N
MSP-PODCAST_test3_1305,S
MSP-PODCAST_test3_1306,S
MSP-PODCAST_test3_1307,N
MSP-PODCAST_test3_1308,H
MSP-PODCAST_test3_1309,N
MSP-PODCAST_test3_1310,N
MSP-PODCAST_test3_1311,H
MSP-PODCAST_test3_1312,S
MSP-PODCAST_test3_1313,S
MSP-PODCAST_test3_1314,N
MSP-PODCAST_test3_1315,N
MSP-PODCAST_test3_1316,N
MSP-PODCAST_test3_1317,A
MSP-PODCAST_test3_1318,C
MSP-PODCAST_test3_1319,D
MSP-PODCAST_test3_1320,H
MSP-PODCAST_test3_1321,N
MSP-PODCAST_test3_1322,S
MSP-PODCAST_test3_1323,S
MSP-PODCAST_test3_1324,A
MSP-PODCAST_test3_1325,S
MSP-PODCAST_test3_1326,H
MSP-PODCAST_test3_1327,N
MSP-PODCAST_test3_1328,N
MSP-PODCAST_test3_1329,N
MSP-PODCAST_test3_1330,A
MSP-PODCAST_test3_1331,N
MSP-PODCAST_test3_1332,S
MSP-PODCAST_test3_1333,S
MSP-PODCAST_test3_1334,H
MSP-PODCAST_test3_1335,N
MSP-PODCAST_test3_1336,N
MSP-PODCAST_test3_1337,H
MSP-PODCAST_test3_1338,S
MSP-PODCAST_test3_1339,S
MSP-PODCAST_test3_1340,S
MSP-PODCAST_test3_1341,S
MSP-PODCAST_test3_1342,N
MSP-PODCAST_test3_1343,S
MSP-PODCAST_test3_1344,N
MSP-PODCAST_test3_1345,A
MSP-PODCAST_test3_1346,A
MSP-PODCAST_test3_1347,S
MSP-PODCAST_test3_1348,S
MSP-PODCAST_test3_1349,D
MSP-PODCAST_test3_1350,A
MSP-PODCAST_test3_1351,S
MSP-PODCAST_test3_1352,D
MSP-PODCAST_test3_1353,A
MSP-PODCAST_test3_1354,N
MSP-PODCAST_test3_1355,N
MSP-PODCAST_test3_1356,N
MSP-PODCAST_test3_1357,N
MSP-PODCAST_test3_1358,N
MSP-PODCAST_test3_1359,H
MSP-PODCAST_test3_1360,N
MSP-PODCAST_test3_1361,C
MSP-PODCAST_test3_1362,H
MSP-PODCAST_test3_1363,N
MSP-PODCAST_test3_1364,H
MSP-PODCAST_test3_1365,H
MSP-PODCAST_test3_1366,N
MSP-PODCAST_test3_1367,S
MSP-PODCAST_test3_1368,N
MSP-PODCAST_test3_1369,A
MSP-PODCAST_test3_1370,N
MSP-PODCAST_test3_1371,N
MSP-PODCAST_test3_1372,H
MSP-PODCAST_test3_1373,N
MSP-PODCAST_test3_1374,S
MSP-PODCAST_test3_1375,A
MSP-PODCAST_test3_1376,H
MSP-PODCAST_test3_1377,A
MSP-PODCAST_test3_1378,U
MSP-PODCAST_test3_1379,F
MSP-PODCAST_test3_1380,A
MSP-PODCAST_test3_1381,U
MSP-PODCAST_test3_1382,N
MSP-PODCAST_test3_1383,N
MSP-PODCAST_test3_1384,S
MSP-PODCAST_test3_1385,S
MSP-PODCAST_test3_1386,N
MSP-PODCAST_test3_1387,H
MSP-PODCAST_test3_1388,H
MSP-PODCAST_test3_1389,C
MSP-PODCAST_test3_1390,H
MSP-PODCAST_test3_1391,A
MSP-PODCAST_test3_1392,S
MSP-PODCAST_test3_1393,H
MSP-PODCAST_test3_1394,H
MSP-PODCAST_test3_1395,S
MSP-PODCAST_test3_1396,N
MSP-PODCAST_test3_1397,N
MSP-PODCAST_test3_1398,A
MSP-PODCAST_test3_1399,N
MSP-PODCAST_test3_1400,H
MSP-PODCAST_test3_1401,S
MSP-PODCAST_test3_1402,S
MSP-PODCAST_test3_1403,N
MSP-PODCAST_test3_1404,H
MSP-PODCAST_test3_1405,H
MSP-PODCAST_test3_1406,H
MSP-PODCAST_test3_1407,N
MSP-PODCAST_test3_1408,H
MSP-PODCAST_test3_1409,N
MSP-PODCAST_test3_1410,H
MSP-PODCAST_test3_1411,H
MSP-PODCAST_test3_1412,S
MSP-PODCAST_test3_1413,N
MSP-PODCAST_test3_1414,A
MSP-PODCAST_test3_1415,U
MSP-PODCAST_test3_1416,N
MSP-PODCAST_test3_1417,F
MSP-PODCAST_test3_1418,A
MSP-PODCAST_test3_1419,N
MSP-PODCAST_test3_1420,H
MSP-PODCAST_test3_1421,S
MSP-PODCAST_test3_1422,H
MSP-PODCAST_test3_1423,A
MSP-PODCAST_test3_1424,S
MSP-PODCAST_test3_1425,N
MSP-PODCAST_test3_1426,N
MSP-PODCAST_test3_1427,S
MSP-PODCAST_test3_1428,N
MSP-PODCAST_test3_1429,N
MSP-PODCAST_test3_1430,N
MSP-PODCAST_test3_1431,H
MSP-PODCAST_test3_1432,N
MSP-PODCAST_test3_1433,U
MSP-PODCAST_test3_1434,C
MSP-PODCAST_test3_1435,N
MSP-PODCAST_test3_1436,N
MSP-PODCAST_test3_1437,N
MSP-PODCAST_test3_1438,U
MSP-PODCAST_test3_1439,N
MSP-PODCAST_test3_1440,N
MSP-PODCAST_test3_1441,S
MSP-PODCAST_test3_1442,H
MSP-PODCAST_test3_1443,A
MSP-PODCAST_test3_1444,N
MSP-PODCAST_test3_1445,N
MSP-PODCAST_test3_1446,N
MSP-PODCAST_test3_1447,N
MSP-PODCAST_test3_1448,N
MSP-PODCAST_test3_1449,N
MSP-PODCAST_test3_1450,N
MSP-PODCAST_test3_1451,C
MSP-PODCAST_test3_1452,S
MSP-PODCAST_test3_1453,C
MSP-PODCAST_test3_1454,S
MSP-PODCAST_test3_1455,A
MSP-PODCAST_test3_1456,N
MSP-PODCAST_test3_1457,N
MSP-PODCAST_test3_1458,N
MSP-PODCAST_test3_1459,N
MSP-PODCAST_test3_1460,S
MSP-PODCAST_test3_1461,S
MSP-PODCAST_test3_1462,F
MSP-PODCAST_test3_1463,N
MSP-PODCAST_test3_1464,H
MSP-PODCAST_test3_1465,A
MSP-PODCAST_test3_1466,H
MSP-PODCAST_test3_1467,H
MSP-PODCAST_test3_1468,H
MSP-PODCAST_test3_1469,D
MSP-PODCAST_test3_1470,N
MSP-PODCAST_test3_1471,N
MSP-PODCAST_test3_1472,H
MSP-PODCAST_test3_1473,N
MSP-PODCAST_test3_1474,H
MSP-PODCAST_test3_1475,N
MSP-PODCAST_test3_1476,S
MSP-PODCAST_test3_1477,F
MSP-PODCAST_test3_1478,N
MSP-PODCAST_test3_1479,A
MSP-PODCAST_test3_1480,N
MSP-PODCAST_test3_1481,H
MSP-PODCAST_test3_1482,A
MSP-PODCAST_test3_1483,S
MSP-PODCAST_test3_1484,D
MSP-PODCAST_test3_1485,D
MSP-PODCAST_test3_1486,A
MSP-PODCAST_test3_1487,S
MSP-PODCAST_test3_1488,S
MSP-PODCAST_test3_1489,A
MSP-PODCAST_test3_1490,S
MSP-PODCAST_test3_1491,N
MSP-PODCAST_test3_1492,H
MSP-PODCAST_test3_1493,A
MSP-PODCAST_test3_1494,N
MSP-PODCAST_test3_1495,N
MSP-PODCAST_test3_1496,H
MSP-PODCAST_test3_1497,N
MSP-PODCAST_test3_1498,H
MSP-PODCAST_test3_1499,N
MSP-PODCAST_test3_1500,N
MSP-PODCAST_test3_1501,A
MSP-PODCAST_test3_1502,C
MSP-PODCAST_test3_1503,H
MSP-PODCAST_test3_1504,A
MSP-PODCAST_test3_1505,N
MSP-PODCAST_test3_1506,S
MSP-PODCAST_test3_1507,N
MSP-PODCAST_test3_1508,N
MSP-PODCAST_test3_1509,F
MSP-PODCAST_test3_1510,F
MSP-PODCAST_test3_1511,A
MSP-PODCAST_test3_1512,H
MSP-PODCAST_test3_1513,N
MSP-PODCAST_test3_1514,N
MSP-PODCAST_test3_1515,N
MSP-PODCAST_test3_1516,N
MSP-PODCAST_test3_1517,A
MSP-PODCAST_test3_1518,N
MSP-PODCAST_test3_1519,U
MSP-PODCAST_test3_1520,C
MSP-PODCAST_test3_1521,H
MSP-PODCAST_test3_1522,D
MSP-PODCAST_test3_1523,N
MSP-PODCAST_test3_1524,H
MSP-PODCAST_test3_1525,H
MSP-PODCAST_test3_1526,S
MSP-PODCAST_test3_1527,N
MSP-PODCAST_test3_1528,C
MSP-PODCAST_test3_1529,H
MSP-PODCAST_test3_1530,N
MSP-PODCAST_test3_1531,A
MSP-PODCAST_test3_1532,N
MSP-PODCAST_test3_1533,N
MSP-PODCAST_test3_1534,N
MSP-PODCAST_test3_1535,S
MSP-PODCAST_test3_1536,S
MSP-PODCAST_test3_1537,H
MSP-PODCAST_test3_1538,N
MSP-PODCAST_test3_1539,S
MSP-PODCAST_test3_1540,H
MSP-PODCAST_test3_1541,H
MSP-PODCAST_test3_1542,A
MSP-PODCAST_test3_1543,S
MSP-PODCAST_test3_1544,U
MSP-PODCAST_test3_1545,N
MSP-PODCAST_test3_1546,F
MSP-PODCAST_test3_1547,D
MSP-PODCAST_test3_1548,S
MSP-PODCAST_test3_1549,C
MSP-PODCAST_test3_1550,N
MSP-PODCAST_test3_1551,A
MSP-PODCAST_test3_1552,U
MSP-PODCAST_test3_1553,N
MSP-PODCAST_test3_1554,N
MSP-PODCAST_test3_1555,S
MSP-PODCAST_test3_1556,N
MSP-PODCAST_test3_1557,N
MSP-PODCAST_test3_1558,N
MSP-PODCAST_test3_1559,S
MSP-PODCAST_test3_1560,N
MSP-PODCAST_test3_1561,N
MSP-PODCAST_test3_1562,N
MSP-PODCAST_test3_1563,N
MSP-PODCAST_test3_1564,S
MSP-PODCAST_test3_1565,U
MSP-PODCAST_test3_1566,D
MSP-PODCAST_test3_1567,A
MSP-PODCAST_test3_1568,H
MSP-PODCAST_test3_1569,N
MSP-PODCAST_test3_1570,A
MSP-PODCAST_test3_1571,S
MSP-PODCAST_test3_1572,F
MSP-PODCAST_test3_1573,H
MSP-PODCAST_test3_1574,H
MSP-PODCAST_test3_1575,H
MSP-PODCAST_test3_1576,D
MSP-PODCAST_test3_1577,F
MSP-PODCAST_test3_1578,A
MSP-PODCAST_test3_1579,N
MSP-PODCAST_test3_1580,U
MSP-PODCAST_test3_1581,N
MSP-PODCAST_test3_1582,U
MSP-PODCAST_test3_1583,A
MSP-PODCAST_test3_1584,H
MSP-PODCAST_test3_1585,A
MSP-PODCAST_test3_1586,H
MSP-PODCAST_test3_1587,A
MSP-PODCAST_test3_1588,H
MSP-PODCAST_test3_1589,H
MSP-PODCAST_test3_1590,H
MSP-PODCAST_test3_1591,N
MSP-PODCAST_test3_1592,S
MSP-PODCAST_test3_1593,H
MSP-PODCAST_test3_1594,S
MSP-PODCAST_test3_1595,A
MSP-PODCAST_test3_1596,H
MSP-PODCAST_test3_1597,H
MSP-PODCAST_test3_1598,S
MSP-PODCAST_test3_1599,S
MSP-PODCAST_test3_1600,D
MSP-PODCAST_test3_1601,S
MSP-PODCAST_test3_1602,H
MSP-PODCAST_test3_1603,C
MSP-PODCAST_test3_1604,H
MSP-PODCAST_test3_1605,H
MSP-PODCAST_test3_1606,C
MSP-PODCAST_test3_1607,H
MSP-PODCAST_test3_1608,H
MSP-PODCAST_test3_1609,H
MSP-PODCAST_test3_1610,A
MSP-PODCAST_test3_1611,N
MSP-PODCAST_test3_1612,N
MSP-PODCAST_test3_1613,N
MSP-PODCAST_test3_1614,S
MSP-PODCAST_test3_1615,A
MSP-PODCAST_test3_1616,S
MSP-PODCAST_test3_1617,N
MSP-PODCAST_test3_1618,U
MSP-PODCAST_test3_1619,S
MSP-PODCAST_test3_1620,A
MSP-PODCAST_test3_1621,S
MSP-PODCAST_test3_1622,N
MSP-PODCAST_test3_1623,A
MSP-PODCAST_test3_1624,U
MSP-PODCAST_test3_1625,D
MSP-PODCAST_test3_1626,H
MSP-PODCAST_test3_1627,S
MSP-PODCAST_test3_1628,S
MSP-PODCAST_test3_1629,A
MSP-PODCAST_test3_1630,S
MSP-PODCAST_test3_1631,A
MSP-PODCAST_test3_1632,U
MSP-PODCAST_test3_1633,A
MSP-PODCAST_test3_1634,H
MSP-PODCAST_test3_1635,A
MSP-PODCAST_test3_1636,N
MSP-PODCAST_test3_1637,A
MSP-PODCAST_test3_1638,S
MSP-PODCAST_test3_1639,N
MSP-PODCAST_test3_1640,N
MSP-PODCAST_test3_1641,A
MSP-PODCAST_test3_1642,A
MSP-PODCAST_test3_1643,A
MSP-PODCAST_test3_1644,A
MSP-PODCAST_test3_1645,H
MSP-PODCAST_test3_1646,A
MSP-PODCAST_test3_1647,N
MSP-PODCAST_test3_1648,H
MSP-PODCAST_test3_1649,A
MSP-PODCAST_test3_1650,H
MSP-PODCAST_test3_1651,H
MSP-PODCAST_test3_1652,F
MSP-PODCAST_test3_1653,A
MSP-PODCAST_test3_1654,A
MSP-PODCAST_test3_1655,C
MSP-PODCAST_test3_1656,H
MSP-PODCAST_test3_1657,H
MSP-PODCAST_test3_1658,A
MSP-PODCAST_test3_1659,H
MSP-PODCAST_test3_1660,U
MSP-PODCAST_test3_1661,A
MSP-PODCAST_test3_1662,H
MSP-PODCAST_test3_1663,F
MSP-PODCAST_test3_1664,H
MSP-PODCAST_test3_1665,A
MSP-PODCAST_test3_1666,A
MSP-PODCAST_test3_1667,S
MSP-PODCAST_test3_1668,N
MSP-PODCAST_test3_1669,H
MSP-PODCAST_test3_1670,A
MSP-PODCAST_test3_1671,F
MSP-PODCAST_test3_1672,N
MSP-PODCAST_test3_1673,S
MSP-PODCAST_test3_1674,N
MSP-PODCAST_test3_1675,H
MSP-PODCAST_test3_1676,D
MSP-PODCAST_test3_1677,H
MSP-PODCAST_test3_1678,S
MSP-PODCAST_test3_1679,H
MSP-PODCAST_test3_1680,A
MSP-PODCAST_test3_1681,H
MSP-PODCAST_test3_1682,H
MSP-PODCAST_test3_1683,U
MSP-PODCAST_test3_1684,D
MSP-PODCAST_test3_1685,C
MSP-PODCAST_test3_1686,A
MSP-PODCAST_test3_1687,A
MSP-PODCAST_test3_1688,U
MSP-PODCAST_test3_1689,F
MSP-PODCAST_test3_1690,U
MSP-PODCAST_test3_1691,F
MSP-PODCAST_test3_1692,A
MSP-PODCAST_test3_1693,H
MSP-PODCAST_test3_1694,S
MSP-PODCAST_test3_1695,N
MSP-PODCAST_test3_1696,A
MSP-PODCAST_test3_1697,A
MSP-PODCAST_test3_1698,N
MSP-PODCAST_test3_1699,H
MSP-PODCAST_test3_1700,H
MSP-PODCAST_test3_1701,A
MSP-PODCAST_test3_1702,U
MSP-PODCAST_test3_1703,H
MSP-PODCAST_test3_1704,H
MSP-PODCAST_test3_1705,H
MSP-PODCAST_test3_1706,U
MSP-PODCAST_test3_1707,N
MSP-PODCAST_test3_1708,S
MSP-PODCAST_test3_1709,N
MSP-PODCAST_test3_1710,N
MSP-PODCAST_test3_1711,D
MSP-PODCAST_test3_1712,N
MSP-PODCAST_test3_1713,U
MSP-PODCAST_test3_1714,N
MSP-PODCAST_test3_1715,N
MSP-PODCAST_test3_1716,H
MSP-PODCAST_test3_1717,H
MSP-PODCAST_test3_1718,A
MSP-PODCAST_test3_1719,S
MSP-PODCAST_test3_1720,H
MSP-PODCAST_test3_1721,N
MSP-PODCAST_test3_1722,S
MSP-PODCAST_test3_1723,H
MSP-PODCAST_test3_1724,A
MSP-PODCAST_test3_1725,D
MSP-PODCAST_test3_1726,N
MSP-PODCAST_test3_1727,A
MSP-PODCAST_test3_1728,D
MSP-PODCAST_test3_1729,H
MSP-PODCAST_test3_1730,U
MSP-PODCAST_test3_1731,A
MSP-PODCAST_test3_1732,A
MSP-PODCAST_test3_1733,A
MSP-PODCAST_test3_1734,H
MSP-PODCAST_test3_1735,A
MSP-PODCAST_test3_1736,N
MSP-PODCAST_test3_1737,S
MSP-PODCAST_test3_1738,N
MSP-PODCAST_test3_1739,N
MSP-PODCAST_test3_1740,A
MSP-PODCAST_test3_1741,A
MSP-PODCAST_test3_1742,F
MSP-PODCAST_test3_1743,N
MSP-PODCAST_test3_1744,N
MSP-PODCAST_test3_1745,N
MSP-PODCAST_test3_1746,S
MSP-PODCAST_test3_1747,A
MSP-PODCAST_test3_1748,S
MSP-PODCAST_test3_1749,A
MSP-PODCAST_test3_1750,S
MSP-PODCAST_test3_1751,H
MSP-PODCAST_test3_1752,C
MSP-PODCAST_test3_1753,D
MSP-PODCAST_test3_1754,F
MSP-PODCAST_test3_1755,N
MSP-PODCAST_test3_1756,C
MSP-PODCAST_test3_1757,A
MSP-PODCAST_test3_1758,H
MSP-PODCAST_test3_1759,N
MSP-PODCAST_test3_1760,D
MSP-PODCAST_test3_1761,H
MSP-PODCAST_test3_1762,H
MSP-PODCAST_test3_1763,D
MSP-PODCAST_test3_1764,H
MSP-PODCAST_test3_1765,H
MSP-PODCAST_test3_1766,S
MSP-PODCAST_test3_1767,H
MSP-PODCAST_test3_1768,U
MSP-PODCAST_test3_1769,D
MSP-PODCAST_test3_1770,F
MSP-PODCAST_test3_1771,H
MSP-PODCAST_test3_1772,H
MSP-PODCAST_test3_1773,S
MSP-PODCAST_test3_1774,N
MSP-PODCAST_test3_1775,H
MSP-PODCAST_test3_1776,H
MSP-PODCAST_test3_1777,S
MSP-PODCAST_test3_1778,N
MSP-PODCAST_test3_1779,S
MSP-PODCAST_test3_1780,H
MSP-PODCAST_test3_1781,H
MSP-PODCAST_test3_1782,A
MSP-PODCAST_test3_1783,U
MSP-PODCAST_test3_1784,H
MSP-PODCAST_test3_1785,A
MSP-PODCAST_test3_1786,A
MSP-PODCAST_test3_1787,U
MSP-PODCAST_test3_1788,H
MSP-PODCAST_test3_1789,U
MSP-PODCAST_test3_1790,F
MSP-PODCAST_test3_1791,H
MSP-PODCAST_test3_1792,A
MSP-PODCAST_test3_1793,H
MSP-PODCAST_test3_1794,A
MSP-PODCAST_test3_1795,H
MSP-PODCAST_test3_1796,A
MSP-PODCAST_test3_1797,D
MSP-PODCAST_test3_1798,S
MSP-PODCAST_test3_1799,H
MSP-PODCAST_test3_1800,H
MSP-PODCAST_test3_1801,H
MSP-PODCAST_test3_1802,A
MSP-PODCAST_test3_1803,A
MSP-PODCAST_test3_1804,A
MSP-PODCAST_test3_1805,H
MSP-PODCAST_test3_1806,H
MSP-PODCAST_test3_1807,H
MSP-PODCAST_test3_1808,H
MSP-PODCAST_test3_1809,N
MSP-PODCAST_test3_1810,S
MSP-PODCAST_test3_1811,A
MSP-PODCAST_test3_1812,A
MSP-PODCAST_test3_1813,D
MSP-PODCAST_test3_1814,U
MSP-PODCAST_test3_1815,H
MSP-PODCAST_test3_1816,H
MSP-PODCAST_test3_1817,N
MSP-PODCAST_test3_1818,H
MSP-PODCAST_test3_1819,C
MSP-PODCAST_test3_1820,F
MSP-PODCAST_test3_1821,N
MSP-PODCAST_test3_1822,A
MSP-PODCAST_test3_1823,H
MSP-PODCAST_test3_1824,N
MSP-PODCAST_test3_1825,S
MSP-PODCAST_test3_1826,F
MSP-PODCAST_test3_1827,A
MSP-PODCAST_test3_1828,S
MSP-PODCAST_test3_1829,C
MSP-PODCAST_test3_1830,A
MSP-PODCAST_test3_1831,A
MSP-PODCAST_test3_1832,N
MSP-PODCAST_test3_1833,A
MSP-PODCAST_test3_1834,A
MSP-PODCAST_test3_1835,A
MSP-PODCAST_test3_1836,A
MSP-PODCAST_test3_1837,H
MSP-PODCAST_test3_1838,A
MSP-PODCAST_test3_1839,A
MSP-PODCAST_test3_1840,H
MSP-PODCAST_test3_1841,A
MSP-PODCAST_test3_1842,C
MSP-PODCAST_test3_1843,S
MSP-PODCAST_test3_1844,F
MSP-PODCAST_test3_1845,A
MSP-PODCAST_test3_1846,A
MSP-PODCAST_test3_1847,C
MSP-PODCAST_test3_1848,S
MSP-PODCAST_test3_1849,A
MSP-PODCAST_test3_1850,U
MSP-PODCAST_test3_1851,H
MSP-PODCAST_test3_1852,A
MSP-PODCAST_test3_1853,D
MSP-PODCAST_test3_1854,N
MSP-PODCAST_test3_1855,N
MSP-PODCAST_test3_1856,A
MSP-PODCAST_test3_1857,S
MSP-PODCAST_test3_1858,N
MSP-PODCAST_test3_1859,H
MSP-PODCAST_test3_1860,F
MSP-PODCAST_test3_1861,C
MSP-PODCAST_test3_1862,N
MSP-PODCAST_test3_1863,N
MSP-PODCAST_test3_1864,N
MSP-PODCAST_test3_1865,S
MSP-PODCAST_test3_1866,H
MSP-PODCAST_test3_1867,H
MSP-PODCAST_test3_1868,A
MSP-PODCAST_test3_1869,H
MSP-PODCAST_test3_1870,A
MSP-PODCAST_test3_1871,A
MSP-PODCAST_test3_1872,A
MSP-PODCAST_test3_1873,N
MSP-PODCAST_test3_1874,S
MSP-PODCAST_test3_1875,S
MSP-PODCAST_test3_1876,U
MSP-PODCAST_test3_1877,N
MSP-PODCAST_test3_1878,S
MSP-PODCAST_test3_1879,N
MSP-PODCAST_test3_1880,N
MSP-PODCAST_test3_1881,N
MSP-PODCAST_test3_1882,H
MSP-PODCAST_test3_1883,S
MSP-PODCAST_test3_1884,N
MSP-PODCAST_test3_1885,H
MSP-PODCAST_test3_1886,N
MSP-PODCAST_test3_1887,S
MSP-PODCAST_test3_1888,S
MSP-PODCAST_test3_1889,A
MSP-PODCAST_test3_1890,A
MSP-PODCAST_test3_1891,A
MSP-PODCAST_test3_1892,S
MSP-PODCAST_test3_1893,N
MSP-PODCAST_test3_1894,N
MSP-PODCAST_test3_1895,A
MSP-PODCAST_test3_1896,H
MSP-PODCAST_test3_1897,H
MSP-PODCAST_test3_1898,N
MSP-PODCAST_test3_1899,N
MSP-PODCAST_test3_1900,N
MSP-PODCAST_test3_1901,S
MSP-PODCAST_test3_1902,H
MSP-PODCAST_test3_1903,A
MSP-PODCAST_test3_1904,C
MSP-PODCAST_test3_1905,H
MSP-PODCAST_test3_1906,H
MSP-PODCAST_test3_1907,A
MSP-PODCAST_test3_1908,N
MSP-PODCAST_test3_1909,H
MSP-PODCAST_test3_1910,N
MSP-PODCAST_test3_1911,H
MSP-PODCAST_test3_1912,C
MSP-PODCAST_test3_1913,N
MSP-PODCAST_test3_1914,N
MSP-PODCAST_test3_1915,U
MSP-PODCAST_test3_1916,A
MSP-PODCAST_test3_1917,S
MSP-PODCAST_test3_1918,H
MSP-PODCAST_test3_1919,H
MSP-PODCAST_test3_1920,D
MSP-PODCAST_test3_1921,N
MSP-PODCAST_test3_1922,A
MSP-PODCAST_test3_1923,A
MSP-PODCAST_test3_1924,H
MSP-PODCAST_test3_1925,N
MSP-PODCAST_test3_1926,H
MSP-PODCAST_test3_1927,N
MSP-PODCAST_test3_1928,N
MSP-PODCAST_test3_1929,S
MSP-PODCAST_test3_1930,U
MSP-PODCAST_test3_1931,H
MSP-PODCAST_test3_1932,S
MSP-PODCAST_test3_1933,U
MSP-PODCAST_test3_1934,N
MSP-PODCAST_test3_1935,A
MSP-PODCAST_test3_1936,C
MSP-PODCAST_test3_1937,H
MSP-PODCAST_test3_1938,A
MSP-PODCAST_test3_1939,H
MSP-PODCAST_test3_1940,H
MSP-PODCAST_test3_1941,S
MSP-PODCAST_test3_1942,F
MSP-PODCAST_test3_1943,A
MSP-PODCAST_test3_1944,A
MSP-PODCAST_test3_1945,H
MSP-PODCAST_test3_1946,A
MSP-PODCAST_test3_1947,N
MSP-PODCAST_test3_1948,N
MSP-PODCAST_test3_1949,H
MSP-PODCAST_test3_1950,H
MSP-PODCAST_test3_1951,A
MSP-PODCAST_test3_1952,A
MSP-PODCAST_test3_1953,N
MSP-PODCAST_test3_1954,N
MSP-PODCAST_test3_1955,S
MSP-PODCAST_test3_1956,D
MSP-PODCAST_test3_1957,S
MSP-PODCAST_test3_1958,A
MSP-PODCAST_test3_1959,H
MSP-PODCAST_test3_1960,S
MSP-PODCAST_test3_1961,H
MSP-PODCAST_test3_1962,H
MSP-PODCAST_test3_1963,A
MSP-PODCAST_test3_1964,A
MSP-PODCAST_test3_1965,S
MSP-PODCAST_test3_1966,H
MSP-PODCAST_test3_1967,N
MSP-PODCAST_test3_1968,S
MSP-PODCAST_test3_1969,N
MSP-PODCAST_test3_1970,H
MSP-PODCAST_test3_1971,H
MSP-PODCAST_test3_1972,N
MSP-PODCAST_test3_1973,N
MSP-PODCAST_test3_1974,F
MSP-PODCAST_test3_1975,C
MSP-PODCAST_test3_1976,S
MSP-PODCAST_test3_1977,A
MSP-PODCAST_test3_1978,S
MSP-PODCAST_test3_1979,H
MSP-PODCAST_test3_1980,S
MSP-PODCAST_test3_1981,H
MSP-PODCAST_test3_1982,H
MSP-PODCAST_test3_1983,H
MSP-PODCAST_test3_1984,N
MSP-PODCAST_test3_1985,A
MSP-PODCAST_test3_1986,A
MSP-PODCAST_test3_1987,N
MSP-PODCAST_test3_1988,H
MSP-PODCAST_test3_1989,C
MSP-PODCAST_test3_1990,S
MSP-PODCAST_test3_1991,H
MSP-PODCAST_test3_1992,S
MSP-PODCAST_test3_1993,H
MSP-PODCAST_test3_1994,H
MSP-PODCAST_test3_1995,S
MSP-PODCAST_test3_1996,H
MSP-PODCAST_test3_1997,N
MSP-PODCAST_test3_1998,F
MSP-PODCAST_test3_1999,H
MSP-PODCAST_test3_2000,N
MSP-PODCAST_test3_2001,N
MSP-PODCAST_test3_2002,N
MSP-PODCAST_test3_2003,N
MSP-PODCAST_test3_2004,H
MSP-PODCAST_test3_2005,H
MSP-PODCAST_test3_2006,S
MSP-PODCAST_test3_2007,H
MSP-PODCAST_test3_2008,U
MSP-PODCAST_test3_2009,S
MSP-PODCAST_test3_2010,H
MSP-PODCAST_test3_2011,N
MSP-PODCAST_test3_2012,N
MSP-PODCAST_test3_2013,H
MSP-PODCAST_test3_2014,A
MSP-PODCAST_test3_2015,A
MSP-PODCAST_test3_2016,U
MSP-PODCAST_test3_2017,H
MSP-PODCAST_test3_2018,A
MSP-PODCAST_test3_2019,N
MSP-PODCAST_test3_2020,H
MSP-PODCAST_test3_2021,C
MSP-PODCAST_test3_2022,H
MSP-PODCAST_test3_2023,N
MSP-PODCAST_test3_2024,H
MSP-PODCAST_test3_2025,F
MSP-PODCAST_test3_2026,C
MSP-PODCAST_test3_2027,H
MSP-PODCAST_test3_2028,H
MSP-PODCAST_test3_2029,A
MSP-PODCAST_test3_2030,A
MSP-PODCAST_test3_2031,N
MSP-PODCAST_test3_2032,N
MSP-PODCAST_test3_2033,A
MSP-PODCAST_test3_2034,A
MSP-PODCAST_test3_2035,N
MSP-PODCAST_test3_2036,S
MSP-PODCAST_test3_2037,H
MSP-PODCAST_test3_2038,S
MSP-PODCAST_test3_2039,A
MSP-PODCAST_test3_2040,N
MSP-PODCAST_test3_2041,H
MSP-PODCAST_test3_2042,H
MSP-PODCAST_test3_2043,U
MSP-PODCAST_test3_2044,N
MSP-PODCAST_test3_2045,N
MSP-PODCAST_test3_2046,N
MSP-PODCAST_test3_2047,H
MSP-PODCAST_test3_2048,D
MSP-PODCAST_test3_2049,A
MSP-PODCAST_test3_2050,H
MSP-PODCAST_test3_2051,F
MSP-PODCAST_test3_2052,H
MSP-PODCAST_test3_2053,S
MSP-PODCAST_test3_2054,A
MSP-PODCAST_test3_2055,D
MSP-PODCAST_test3_2056,C
MSP-PODCAST_test3_2057,H
MSP-PODCAST_test3_2058,H
MSP-PODCAST_test3_2059,N
MSP-PODCAST_test3_2060,U
MSP-PODCAST_test3_2061,H
MSP-PODCAST_test3_2062,N
MSP-PODCAST_test3_2063,H
MSP-PODCAST_test3_2064,S
MSP-PODCAST_test3_2065,S
MSP-PODCAST_test3_2066,A
MSP-PODCAST_test3_2067,S
MSP-PODCAST_test3_2068,A
MSP-PODCAST_test3_2069,N
MSP-PODCAST_test3_2070,N
MSP-PODCAST_test3_2071,N
MSP-PODCAST_test3_2072,N
MSP-PODCAST_test3_2073,H
MSP-PODCAST_test3_2074,C
MSP-PODCAST_test3_2075,N
MSP-PODCAST_test3_2076,S
MSP-PODCAST_test3_2077,S
MSP-PODCAST_test3_2078,H
MSP-PODCAST_test3_2079,S
MSP-PODCAST_test3_2080,S
MSP-PODCAST_test3_2081,N
MSP-PODCAST_test3_2082,N
MSP-PODCAST_test3_2083,A
MSP-PODCAST_test3_2084,H
MSP-PODCAST_test3_2085,H
MSP-PODCAST_test3_2086,S
MSP-PODCAST_test3_2087,A
MSP-PODCAST_test3_2088,C
MSP-PODCAST_test3_2089,H
MSP-PODCAST_test3_2090,U
MSP-PODCAST_test3_2091,A
MSP-PODCAST_test3_2092,H
MSP-PODCAST_test3_2093,H
MSP-PODCAST_test3_2094,F
MSP-PODCAST_test3_2095,H
MSP-PODCAST_test3_2096,N
MSP-PODCAST_test3_2097,H
MSP-PODCAST_test3_2098,H
MSP-PODCAST_test3_2099,D
MSP-PODCAST_test3_2100,C
MSP-PODCAST_test3_2101,H
MSP-PODCAST_test3_2102,S
MSP-PODCAST_test3_2103,N
MSP-PODCAST_test3_2104,A
MSP-PODCAST_test3_2105,A
MSP-PODCAST_test3_2106,U
MSP-PODCAST_test3_2107,A
MSP-PODCAST_test3_2108,N
MSP-PODCAST_test3_2109,N
MSP-PODCAST_test3_2110,U
MSP-PODCAST_test3_2111,H
MSP-PODCAST_test3_2112,N
MSP-PODCAST_test3_2113,A
MSP-PODCAST_test3_2114,H
MSP-PODCAST_test3_2115,U
MSP-PODCAST_test3_2116,S
MSP-PODCAST_test3_2117,F
MSP-PODCAST_test3_2118,H
MSP-PODCAST_test3_2119,A
MSP-PODCAST_test3_2120,H
MSP-PODCAST_test3_2121,A
MSP-PODCAST_test3_2122,A
MSP-PODCAST_test3_2123,N
MSP-PODCAST_test3_2124,A
MSP-PODCAST_test3_2125,H
MSP-PODCAST_test3_2126,H
MSP-PODCAST_test3_2127,H
MSP-PODCAST_test3_2128,A
MSP-PODCAST_test3_2129,N
MSP-PODCAST_test3_2130,H
MSP-PODCAST_test3_2131,S
MSP-PODCAST_test3_2132,A
MSP-PODCAST_test3_2133,S
MSP-PODCAST_test3_2134,H
MSP-PODCAST_test3_2135,H
MSP-PODCAST_test3_2136,H
MSP-PODCAST_test3_2137,A
MSP-PODCAST_test3_2138,S
MSP-PODCAST_test3_2139,S
MSP-PODCAST_test3_2140,C
MSP-PODCAST_test3_2141,H
MSP-PODCAST_test3_2142,A
MSP-PODCAST_test3_2143,H
MSP-PODCAST_test3_2144,N
MSP-PODCAST_test3_2145,C
MSP-PODCAST_test3_2146,S
MSP-PODCAST_test3_2147,U
MSP-PODCAST_test3_2148,S
MSP-PODCAST_test3_2149,A
MSP-PODCAST_test3_2150,D
MSP-PODCAST_test3_2151,A
MSP-PODCAST_test3_2152,H
MSP-PODCAST_test3_2153,S
MSP-PODCAST_test3_2154,N
MSP-PODCAST_test3_2155,A
MSP-PODCAST_test3_2156,H
MSP-PODCAST_test3_2157,N
MSP-PODCAST_test3_2158,S
MSP-PODCAST_test3_2159,H
MSP-PODCAST_test3_2160,N
MSP-PODCAST_test3_2161,A
MSP-PODCAST_test3_2162,F
MSP-PODCAST_test3_2163,A
MSP-PODCAST_test3_2164,F
MSP-PODCAST_test3_2165,H
MSP-PODCAST_test3_2166,H
MSP-PODCAST_test3_2167,H
MSP-PODCAST_test3_2168,H
MSP-PODCAST_test3_2169,H
MSP-PODCAST_test3_2170,N
MSP-PODCAST_test3_2171,H
MSP-PODCAST_test3_2172,H
MSP-PODCAST_test3_2173,U
MSP-PODCAST_test3_2174,A
MSP-PODCAST_test3_2175,A
MSP-PODCAST_test3_2176,S
MSP-PODCAST_test3_2177,H
MSP-PODCAST_test3_2178,F
MSP-PODCAST_test3_2179,A
MSP-PODCAST_test3_2180,A
MSP-PODCAST_test3_2181,F
MSP-PODCAST_test3_2182,A
MSP-PODCAST_test3_2183,A
MSP-PODCAST_test3_2184,C
MSP-PODCAST_test3_2185,D
MSP-PODCAST_test3_2186,D
MSP-PODCAST_test3_2187,C
MSP-PODCAST_test3_2188,A
MSP-PODCAST_test3_2189,N
MSP-PODCAST_test3_2190,H
MSP-PODCAST_test3_2191,U
MSP-PODCAST_test3_2192,N
MSP-PODCAST_test3_2193,N
MSP-PODCAST_test3_2194,S
MSP-PODCAST_test3_2195,N
MSP-PODCAST_test3_2196,H
MSP-PODCAST_test3_2197,H
MSP-PODCAST_test3_2198,S
MSP-PODCAST_test3_2199,F
MSP-PODCAST_test3_2200,N
MSP-PODCAST_test3_2201,A
MSP-PODCAST_test3_2202,A
MSP-PODCAST_test3_2203,U
MSP-PODCAST_test3_2204,A
MSP-PODCAST_test3_2205,S
MSP-PODCAST_test3_2206,S
MSP-PODCAST_test3_2207,H
MSP-PODCAST_test3_2208,F
MSP-PODCAST_test3_2209,A
MSP-PODCAST_test3_2210,N
MSP-PODCAST_test3_2211,N
MSP-PODCAST_test3_2212,H
MSP-PODCAST_test3_2213,N
MSP-PODCAST_test3_2214,N
MSP-PODCAST_test3_2215,D
MSP-PODCAST_test3_2216,F
MSP-PODCAST_test3_2217,A
MSP-PODCAST_test3_2218,S
MSP-PODCAST_test3_2219,C
MSP-PODCAST_test3_2220,D
MSP-PODCAST_test3_2221,N
MSP-PODCAST_test3_2222,D
MSP-PODCAST_test3_2223,D
MSP-PODCAST_test3_2224,U
MSP-PODCAST_test3_2225,F
MSP-PODCAST_test3_2226,H
MSP-PODCAST_test3_2227,H
MSP-PODCAST_test3_2228,D
MSP-PODCAST_test3_2229,H
MSP-PODCAST_test3_2230,N
MSP-PODCAST_test3_2231,H
MSP-PODCAST_test3_2232,H
MSP-PODCAST_test3_2233,N
MSP-PODCAST_test3_2234,N
MSP-PODCAST_test3_2235,A
MSP-PODCAST_test3_2236,N
MSP-PODCAST_test3_2237,F
MSP-PODCAST_test3_2238,A
MSP-PODCAST_test3_2239,H
MSP-PODCAST_test3_2240,H
MSP-PODCAST_test3_2241,A
MSP-PODCAST_test3_2242,H
MSP-PODCAST_test3_2243,H
MSP-PODCAST_test3_2244,A
MSP-PODCAST_test3_2245,H
MSP-PODCAST_test3_2246,A
MSP-PODCAST_test3_2247,H
MSP-PODCAST_test3_2248,H
MSP-PODCAST_test3_2249,A
MSP-PODCAST_test3_2250,H
MSP-PODCAST_test3_2251,N
MSP-PODCAST_test3_2252,H
MSP-PODCAST_test3_2253,H
MSP-PODCAST_test3_2254,H
MSP-PODCAST_test3_2255,F
MSP-PODCAST_test3_2256,H
MSP-PODCAST_test3_2257,A
MSP-PODCAST_test3_2258,H
MSP-PODCAST_test3_2259,N
MSP-PODCAST_test3_2260,N
MSP-PODCAST_test3_2261,H
MSP-PODCAST_test3_2262,N
MSP-PODCAST_test3_2263,H
MSP-PODCAST_test3_2264,H
MSP-PODCAST_test3_2265,H
MSP-PODCAST_test3_2266,N
MSP-PODCAST_test3_2267,N
MSP-PODCAST_test3_2268,U
MSP-PODCAST_test3_2269,F
MSP-PODCAST_test3_2270,C
MSP-PODCAST_test3_2271,C
MSP-PODCAST_test3_2272,D
MSP-PODCAST_test3_2273,A
MSP-PODCAST_test3_2274,H
MSP-PODCAST_test3_2275,A
MSP-PODCAST_test3_2276,N
MSP-PODCAST_test3_2277,H
MSP-PODCAST_test3_2278,D
MSP-PODCAST_test3_2279,S
MSP-PODCAST_test3_2280,S
MSP-PODCAST_test3_2281,N
MSP-PODCAST_test3_2282,S
MSP-PODCAST_test3_2283,N
MSP-PODCAST_test3_2284,U
MSP-PODCAST_test3_2285,H
MSP-PODCAST_test3_2286,H
MSP-PODCAST_test3_2287,H
MSP-PODCAST_test3_2288,N
MSP-PODCAST_test3_2289,S
MSP-PODCAST_test3_2290,H
MSP-PODCAST_test3_2291,H
MSP-PODCAST_test3_2292,U
MSP-PODCAST_test3_2293,C
MSP-PODCAST_test3_2294,S
MSP-PODCAST_test3_2295,H
MSP-PODCAST_test3_2296,C
MSP-PODCAST_test3_2297,A
MSP-PODCAST_test3_2298,H
MSP-PODCAST_test3_2299,S
MSP-PODCAST_test3_2300,S
MSP-PODCAST_test3_2301,A
MSP-PODCAST_test3_2302,H
MSP-PODCAST_test3_2303,F
MSP-PODCAST_test3_2304,U
MSP-PODCAST_test3_2305,A
MSP-PODCAST_test3_2306,U
MSP-PODCAST_test3_2307,A
MSP-PODCAST_test3_2308,A
MSP-PODCAST_test3_2309,H
MSP-PODCAST_test3_2310,H
MSP-PODCAST_test3_2311,H
MSP-PODCAST_test3_2312,N
MSP-PODCAST_test3_2313,U
MSP-PODCAST_test3_2314,A
MSP-PODCAST_test3_2315,N
MSP-PODCAST_test3_2316,H
MSP-PODCAST_test3_2317,H
MSP-PODCAST_test3_2318,S
MSP-PODCAST_test3_2319,N
MSP-PODCAST_test3_2320,A
MSP-PODCAST_test3_2321,S
MSP-PODCAST_test3_2322,N
MSP-PODCAST_test3_2323,H
MSP-PODCAST_test3_2324,C
MSP-PODCAST_test3_2325,N
MSP-PODCAST_test3_2326,U
MSP-PODCAST_test3_2327,N
MSP-PODCAST_test3_2328,S
MSP-PODCAST_test3_2329,U
MSP-PODCAST_test3_2330,A
MSP-PODCAST_test3_2331,D
MSP-PODCAST_test3_2332,D
MSP-PODCAST_test3_2333,H
MSP-PODCAST_test3_2334,A
MSP-PODCAST_test3_2335,S
MSP-PODCAST_test3_2336,D
MSP-PODCAST_test3_2337,S
MSP-PODCAST_test3_2338,D
MSP-PODCAST_test3_2339,N
MSP-PODCAST_test3_2340,A
MSP-PODCAST_test3_2341,H
MSP-PODCAST_test3_2342,H
MSP-PODCAST_test3_2343,A
MSP-PODCAST_test3_2344,H
MSP-PODCAST_test3_2345,N
MSP-PODCAST_test3_2346,H
MSP-PODCAST_test3_2347,A
MSP-PODCAST_test3_2348,H
MSP-PODCAST_test3_2349,H
MSP-PODCAST_test3_2350,N
MSP-PODCAST_test3_2351,H
MSP-PODCAST_test3_2352,A
MSP-PODCAST_test3_2353,H
MSP-PODCAST_test3_2354,N
MSP-PODCAST_test3_2355,S
MSP-PODCAST_test3_2356,C
MSP-PODCAST_test3_2357,D
MSP-PODCAST_test3_2358,A
MSP-PODCAST_test3_2359,D
MSP-PODCAST_test3_2360,N
MSP-PODCAST_test3_2361,N
MSP-PODCAST_test3_2362,H
MSP-PODCAST_test3_2363,A
MSP-PODCAST_test3_2364,H
MSP-PODCAST_test3_2365,H
MSP-PODCAST_test3_2366,A
MSP-PODCAST_test3_2367,A
MSP-PODCAST_test3_2368,N
MSP-PODCAST_test3_2369,C
MSP-PODCAST_test3_2370,N
MSP-PODCAST_test3_2371,F
MSP-PODCAST_test3_2372,N
MSP-PODCAST_test3_2373,A
MSP-PODCAST_test3_2374,S
MSP-PODCAST_test3_2375,H
MSP-PODCAST_test3_2376,F
MSP-PODCAST_test3_2377,A
MSP-PODCAST_test3_2378,A
MSP-PODCAST_test3_2379,N
MSP-PODCAST_test3_2380,N
MSP-PODCAST_test3_2381,A
MSP-PODCAST_test3_2382,H
MSP-PODCAST_test3_2383,S
MSP-PODCAST_test3_2384,H
MSP-PODCAST_test3_2385,S
MSP-PODCAST_test3_2386,N
MSP-PODCAST_test3_2387,N
MSP-PODCAST_test3_2388,S
MSP-PODCAST_test3_2389,N
MSP-PODCAST_test3_2390,F
MSP-PODCAST_test3_2391,H
MSP-PODCAST_test3_2392,C
MSP-PODCAST_test3_2393,F
MSP-PODCAST_test3_2394,H
MSP-PODCAST_test3_2395,H
MSP-PODCAST_test3_2396,S
MSP-PODCAST_test3_2397,H
MSP-PODCAST_test3_2398,U
MSP-PODCAST_test3_2399,H
MSP-PODCAST_test3_2400,A
MSP-PODCAST_test3_2401,N
MSP-PODCAST_test3_2402,H
MSP-PODCAST_test3_2403,C
MSP-PODCAST_test3_2404,A
MSP-PODCAST_test3_2405,A
MSP-PODCAST_test3_2406,N
MSP-PODCAST_test3_2407,H
MSP-PODCAST_test3_2408,H
MSP-PODCAST_test3_2409,H
MSP-PODCAST_test3_2410,H
MSP-PODCAST_test3_2411,C
MSP-PODCAST_test3_2412,U
MSP-PODCAST_test3_2413,H
MSP-PODCAST_test3_2414,H
MSP-PODCAST_test3_2415,H
MSP-PODCAST_test3_2416,S
MSP-PODCAST_test3_2417,H
MSP-PODCAST_test3_2418,C
MSP-PODCAST_test3_2419,C
MSP-PODCAST_test3_2420,U
MSP-PODCAST_test3_2421,H
MSP-PODCAST_test3_2422,H
MSP-PODCAST_test3_2423,N
MSP-PODCAST_test3_2424,N
MSP-PODCAST_test3_2425,H
MSP-PODCAST_test3_2426,H
MSP-PODCAST_test3_2427,A
MSP-PODCAST_test3_2428,U
MSP-PODCAST_test3_2429,A
MSP-PODCAST_test3_2430,H
MSP-PODCAST_test3_2431,H
MSP-PODCAST_test3_2432,N
MSP-PODCAST_test3_2433,C
MSP-PODCAST_test3_2434,A
MSP-PODCAST_test3_2435,N
MSP-PODCAST_test3_2436,F
MSP-PODCAST_test3_2437,N
MSP-PODCAST_test3_2438,A
MSP-PODCAST_test3_2439,N
MSP-PODCAST_test3_2440,N
MSP-PODCAST_test3_2441,H
MSP-PODCAST_test3_2442,H
MSP-PODCAST_test3_2443,D
MSP-PODCAST_test3_2444,A
MSP-PODCAST_test3_2445,H
MSP-PODCAST_test3_2446,F
MSP-PODCAST_test3_2447,F
MSP-PODCAST_test3_2448,N
MSP-PODCAST_test3_2449,U
MSP-PODCAST_test3_2450,H
MSP-PODCAST_test3_2451,N
MSP-PODCAST_test3_2452,U
MSP-PODCAST_test3_2453,N
MSP-PODCAST_test3_2454,N
MSP-PODCAST_test3_2455,H
MSP-PODCAST_test3_2456,H
MSP-PODCAST_test3_2457,H
MSP-PODCAST_test3_2458,H
MSP-PODCAST_test3_2459,A
MSP-PODCAST_test3_2460,N
MSP-PODCAST_test3_2461,H
MSP-PODCAST_test3_2462,N
MSP-PODCAST_test3_2463,N
MSP-PODCAST_test3_2464,A
MSP-PODCAST_test3_2465,A
MSP-PODCAST_test3_2466,H
MSP-PODCAST_test3_2467,C
MSP-PODCAST_test3_2468,F
MSP-PODCAST_test3_2469,S
MSP-PODCAST_test3_2470,F
MSP-PODCAST_test3_2471,N
MSP-PODCAST_test3_2472,N
MSP-PODCAST_test3_2473,H
MSP-PODCAST_test3_2474,F
MSP-PODCAST_test3_2475,F
MSP-PODCAST_test3_2476,H
MSP-PODCAST_test3_2477,S
MSP-PODCAST_test3_2478,N
MSP-PODCAST_test3_2479,A
MSP-PODCAST_test3_2480,N
MSP-PODCAST_test3_2481,N
MSP-PODCAST_test3_2482,D
MSP-PODCAST_test3_2483,N
MSP-PODCAST_test3_2484,S
MSP-PODCAST_test3_2485,C
MSP-PODCAST_test3_2486,N
MSP-PODCAST_test3_2487,D
MSP-PODCAST_test3_2488,S
MSP-PODCAST_test3_2489,D
MSP-PODCAST_test3_2490,H
MSP-PODCAST_test3_2491,H
MSP-PODCAST_test3_2492,A
MSP-PODCAST_test3_2493,S
MSP-PODCAST_test3_2494,S
MSP-PODCAST_test3_2495,N
MSP-PODCAST_test3_2496,S
MSP-PODCAST_test3_2497,N
MSP-PODCAST_test3_2498,S
MSP-PODCAST_test3_2499,H
MSP-PODCAST_test3_2500,A
MSP-PODCAST_test3_2501,U
MSP-PODCAST_test3_2502,N
MSP-PODCAST_test3_2503,C
MSP-PODCAST_test3_2504,H
MSP-PODCAST_test3_2505,F
MSP-PODCAST_test3_2506,S
MSP-PODCAST_test3_2507,H
MSP-PODCAST_test3_2508,N
MSP-PODCAST_test3_2509,D
MSP-PODCAST_test3_2510,A
MSP-PODCAST_test3_2511,A
MSP-PODCAST_test3_2512,H
MSP-PODCAST_test3_2513,U
MSP-PODCAST_test3_2514,S
MSP-PODCAST_test3_2515,A
MSP-PODCAST_test3_2516,H
MSP-PODCAST_test3_2517,U
MSP-PODCAST_test3_2518,F
MSP-PODCAST_test3_2519,N
MSP-PODCAST_test3_2520,N
MSP-PODCAST_test3_2521,S
MSP-PODCAST_test3_2522,A
MSP-PODCAST_test3_2523,S
MSP-PODCAST_test3_2524,S
MSP-PODCAST_test3_2525,N
MSP-PODCAST_test3_2526,N
MSP-PODCAST_test3_2527,U
MSP-PODCAST_test3_2528,H
MSP-PODCAST_test3_2529,H
MSP-PODCAST_test3_2530,U
MSP-PODCAST_test3_2531,D
MSP-PODCAST_test3_2532,U
MSP-PODCAST_test3_2533,S
MSP-PODCAST_test3_2534,A
MSP-PODCAST_test3_2535,N
MSP-PODCAST_test3_2536,N
MSP-PODCAST_test3_2537,H
MSP-PODCAST_test3_2538,H
MSP-PODCAST_test3_2539,D
MSP-PODCAST_test3_2540,A
MSP-PODCAST_test3_2541,A
MSP-PODCAST_test3_2542,H
MSP-PODCAST_test3_2543,S
MSP-PODCAST_test3_2544,N
MSP-PODCAST_test3_2545,S
MSP-PODCAST_test3_2546,S
MSP-PODCAST_test3_2547,A
MSP-PODCAST_test3_2548,A
MSP-PODCAST_test3_2549,S
MSP-PODCAST_test3_2550,S
MSP-PODCAST_test3_2551,S
MSP-PODCAST_test3_2552,H
MSP-PODCAST_test3_2553,S
MSP-PODCAST_test3_2554,H
MSP-PODCAST_test3_2555,U
MSP-PODCAST_test3_2556,S
MSP-PODCAST_test3_2557,A
MSP-PODCAST_test3_2558,H
MSP-PODCAST_test3_2559,S
MSP-PODCAST_test3_2560,H
MSP-PODCAST_test3_2561,H
MSP-PODCAST_test3_2562,N
MSP-PODCAST_test3_2563,H
MSP-PODCAST_test3_2564,D
MSP-PODCAST_test3_2565,H
MSP-PODCAST_test3_2566,N
MSP-PODCAST_test3_2567,H
MSP-PODCAST_test3_2568,H
MSP-PODCAST_test3_2569,H
MSP-PODCAST_test3_2570,H
MSP-PODCAST_test3_2571,N
MSP-PODCAST_test3_2572,H
MSP-PODCAST_test3_2573,H
MSP-PODCAST_test3_2574,N
MSP-PODCAST_test3_2575,N
MSP-PODCAST_test3_2576,H
MSP-PODCAST_test3_2577,N
MSP-PODCAST_test3_2578,N
MSP-PODCAST_test3_2579,N
MSP-PODCAST_test3_2580,N
MSP-PODCAST_test3_2581,N
MSP-PODCAST_test3_2582,H
MSP-PODCAST_test3_2583,S
MSP-PODCAST_test3_2584,N
MSP-PODCAST_test3_2585,U
MSP-PODCAST_test3_2586,H
MSP-PODCAST_test3_2587,H
MSP-PODCAST_test3_2588,H
MSP-PODCAST_test3_2589,H
MSP-PODCAST_test3_2590,H
MSP-PODCAST_test3_2591,H
MSP-PODCAST_test3_2592,N
MSP-PODCAST_test3_2593,N
MSP-PODCAST_test3_2594,N
MSP-PODCAST_test3_2595,A
MSP-PODCAST_test3_2596,H
MSP-PODCAST_test3_2597,H
MSP-PODCAST_test3_2598,A
MSP-PODCAST_test3_2599,A
MSP-PODCAST_test3_2600,H
MSP-PODCAST_test3_2601,A
MSP-PODCAST_test3_2602,N
MSP-PODCAST_test3_2603,S
MSP-PODCAST_test3_2604,H
MSP-PODCAST_test3_2605,N
MSP-PODCAST_test3_2606,U
MSP-PODCAST_test3_2607,N
MSP-PODCAST_test3_2608,H
MSP-PODCAST_test3_2609,U
MSP-PODCAST_test3_2610,N
MSP-PODCAST_test3_2611,F
MSP-PODCAST_test3_2612,U
MSP-PODCAST_test3_2613,N
MSP-PODCAST_test3_2614,A
MSP-PODCAST_test3_2615,N
MSP-PODCAST_test3_2616,S
MSP-PODCAST_test3_2617,N
MSP-PODCAST_test3_2618,N
MSP-PODCAST_test3_2619,N
MSP-PODCAST_test3_2620,F
MSP-PODCAST_test3_2621,N
MSP-PODCAST_test3_2622,N
MSP-PODCAST_test3_2623,A
MSP-PODCAST_test3_2624,A
MSP-PODCAST_test3_2625,A
MSP-PODCAST_test3_2626,N
MSP-PODCAST_test3_2627,H
MSP-PODCAST_test3_2628,H
MSP-PODCAST_test3_2629,H
MSP-PODCAST_test3_2630,N
MSP-PODCAST_test3_2631,N
MSP-PODCAST_test3_2632,S
MSP-PODCAST_test3_2633,S
MSP-PODCAST_test3_2634,S
MSP-PODCAST_test3_2635,S
MSP-PODCAST_test3_2636,D
MSP-PODCAST_test3_2637,N
MSP-PODCAST_test3_2638,H
MSP-PODCAST_test3_2639,F
MSP-PODCAST_test3_2640,H
MSP-PODCAST_test3_2641,H
MSP-PODCAST_test3_2642,S
MSP-PODCAST_test3_2643,N
MSP-PODCAST_test3_2644,N
MSP-PODCAST_test3_2645,S
MSP-PODCAST_test3_2646,A
MSP-PODCAST_test3_2647,C
MSP-PODCAST_test3_2648,H
MSP-PODCAST_test3_2649,F
MSP-PODCAST_test3_2650,H
MSP-PODCAST_test3_2651,U
MSP-PODCAST_test3_2652,S
MSP-PODCAST_test3_2653,D
MSP-PODCAST_test3_2654,H
MSP-PODCAST_test3_2655,N
MSP-PODCAST_test3_2656,N
MSP-PODCAST_test3_2657,A
MSP-PODCAST_test3_2658,N
MSP-PODCAST_test3_2659,A
MSP-PODCAST_test3_2660,H
MSP-PODCAST_test3_2661,S
MSP-PODCAST_test3_2662,H
MSP-PODCAST_test3_2663,N
MSP-PODCAST_test3_2664,S
MSP-PODCAST_test3_2665,S
MSP-PODCAST_test3_2666,N
MSP-PODCAST_test3_2667,F
MSP-PODCAST_test3_2668,A
MSP-PODCAST_test3_2669,D
MSP-PODCAST_test3_2670,S
MSP-PODCAST_test3_2671,N
MSP-PODCAST_test3_2672,U
MSP-PODCAST_test3_2673,A
MSP-PODCAST_test3_2674,A
MSP-PODCAST_test3_2675,A
MSP-PODCAST_test3_2676,H
MSP-PODCAST_test3_2677,N
MSP-PODCAST_test3_2678,N
MSP-PODCAST_test3_2679,H
MSP-PODCAST_test3_2680,H
MSP-PODCAST_test3_2681,H
MSP-PODCAST_test3_2682,F
MSP-PODCAST_test3_2683,H
MSP-PODCAST_test3_2684,N
MSP-PODCAST_test3_2685,H
MSP-PODCAST_test3_2686,A
MSP-PODCAST_test3_2687,A
MSP-PODCAST_test3_2688,N
MSP-PODCAST_test3_2689,H
MSP-PODCAST_test3_2690,S
MSP-PODCAST_test3_2691,S
MSP-PODCAST_test3_2692,A
MSP-PODCAST_test3_2693,A
MSP-PODCAST_test3_2694,N
MSP-PODCAST_test3_2695,H
MSP-PODCAST_test3_2696,A
MSP-PODCAST_test3_2697,H
MSP-PODCAST_test3_2698,N
MSP-PODCAST_test3_2699,A
MSP-PODCAST_test3_2700,A
MSP-PODCAST_test3_2701,H
MSP-PODCAST_test3_2702,U
MSP-PODCAST_test3_2703,S
MSP-PODCAST_test3_2704,N
MSP-PODCAST_test3_2705,H
MSP-PODCAST_test3_2706,H
MSP-PODCAST_test3_2707,H
MSP-PODCAST_test3_2708,N
MSP-PODCAST_test3_2709,D
MSP-PODCAST_test3_2710,N
MSP-PODCAST_test3_2711,A
MSP-PODCAST_test3_2712,C
MSP-PODCAST_test3_2713,U
MSP-PODCAST_test3_2714,F
MSP-PODCAST_test3_2715,U
MSP-PODCAST_test3_2716,F
MSP-PODCAST_test3_2717,N
MSP-PODCAST_test3_2718,H
MSP-PODCAST_test3_2719,U
MSP-PODCAST_test3_2720,U
MSP-PODCAST_test3_2721,N
MSP-PODCAST_test3_2722,N
MSP-PODCAST_test3_2723,N
MSP-PODCAST_test3_2724,A
MSP-PODCAST_test3_2725,A
MSP-PODCAST_test3_2726,H
MSP-PODCAST_test3_2727,H
MSP-PODCAST_test3_2728,U
MSP-PODCAST_test3_2729,U
MSP-PODCAST_test3_2730,A
MSP-PODCAST_test3_2731,A
MSP-PODCAST_test3_2732,A
MSP-PODCAST_test3_2733,H
MSP-PODCAST_test3_2734,H
MSP-PODCAST_test3_2735,A
MSP-PODCAST_test3_2736,S
MSP-PODCAST_test3_2737,A
MSP-PODCAST_test3_2738,N
MSP-PODCAST_test3_2739,S
MSP-PODCAST_test3_2740,H
MSP-PODCAST_test3_2741,N
MSP-PODCAST_test3_2742,H
MSP-PODCAST_test3_2743,H
MSP-PODCAST_test3_2744,N
MSP-PODCAST_test3_2745,H
MSP-PODCAST_test3_2746,H
MSP-PODCAST_test3_2747,A
MSP-PODCAST_test3_2748,A
MSP-PODCAST_test3_2749,A
MSP-PODCAST_test3_2750,F
MSP-PODCAST_test3_2751,H
MSP-PODCAST_test3_2752,H
MSP-PODCAST_test3_2753,N
MSP-PODCAST_test3_2754,H
MSP-PODCAST_test3_2755,A
MSP-PODCAST_test3_2756,H
MSP-PODCAST_test3_2757,H
MSP-PODCAST_test3_2758,A
MSP-PODCAST_test3_2759,N
MSP-PODCAST_test3_2760,H
MSP-PODCAST_test3_2761,H
MSP-PODCAST_test3_2762,F
MSP-PODCAST_test3_2763,H
MSP-PODCAST_test3_2764,A
MSP-PODCAST_test3_2765,H
MSP-PODCAST_test3_2766,N
MSP-PODCAST_test3_2767,N
MSP-PODCAST_test3_2768,S
MSP-PODCAST_test3_2769,H
MSP-PODCAST_test3_2770,A
MSP-PODCAST_test3_2771,S
MSP-PODCAST_test3_2772,N
MSP-PODCAST_test3_2773,H
MSP-PODCAST_test3_2774,N
MSP-PODCAST_test3_2775,H
MSP-PODCAST_test3_2776,H
MSP-PODCAST_test3_2777,H
MSP-PODCAST_test3_2778,H
MSP-PODCAST_test3_2779,D
MSP-PODCAST_test3_2780,F
MSP-PODCAST_test3_2781,N
MSP-PODCAST_test3_2782,H
MSP-PODCAST_test3_2783,H
MSP-PODCAST_test3_2784,S
MSP-PODCAST_test3_2785,F
MSP-PODCAST_test3_2786,D
MSP-PODCAST_test3_2787,H
MSP-PODCAST_test3_2788,H
MSP-PODCAST_test3_2789,N
MSP-PODCAST_test3_2790,N
MSP-PODCAST_test3_2791,N
MSP-PODCAST_test3_2792,H
MSP-PODCAST_test3_2793,F
MSP-PODCAST_test3_2794,N
MSP-PODCAST_test3_2795,N
MSP-PODCAST_test3_2796,N
MSP-PODCAST_test3_2797,N
MSP-PODCAST_test3_2798,S
MSP-PODCAST_test3_2799,N
MSP-PODCAST_test3_2800,H
MSP-PODCAST_test3_2801,N
MSP-PODCAST_test3_2802,A
MSP-PODCAST_test3_2803,N
MSP-PODCAST_test3_2804,U
MSP-PODCAST_test3_2805,H
MSP-PODCAST_test3_2806,A
MSP-PODCAST_test3_2807,N
MSP-PODCAST_test3_2808,C
MSP-PODCAST_test3_2809,A
MSP-PODCAST_test3_2810,H
MSP-PODCAST_test3_2811,A
MSP-PODCAST_test3_2812,N
MSP-PODCAST_test3_2813,N
MSP-PODCAST_test3_2814,N
MSP-PODCAST_test3_2815,A
MSP-PODCAST_test3_2816,C
MSP-PODCAST_test3_2817,N
MSP-PODCAST_test3_2818,U
MSP-PODCAST_test3_2819,S
MSP-PODCAST_test3_2820,F
MSP-PODCAST_test3_2821,U
MSP-PODCAST_test3_2822,N
MSP-PODCAST_test3_2823,D
MSP-PODCAST_test3_2824,N
MSP-PODCAST_test3_2825,S
MSP-PODCAST_test3_2826,S
MSP-PODCAST_test3_2827,N
MSP-PODCAST_test3_2828,H
MSP-PODCAST_test3_2829,H
MSP-PODCAST_test3_2830,N
MSP-PODCAST_test3_2831,N
MSP-PODCAST_test3_2832,F
MSP-PODCAST_test3_2833,N
MSP-PODCAST_test3_2834,H
MSP-PODCAST_test3_2835,S
MSP-PODCAST_test3_2836,N
MSP-PODCAST_test3_2837,N
MSP-PODCAST_test3_2838,N
MSP-PODCAST_test3_2839,H
MSP-PODCAST_test3_2840,N
MSP-PODCAST_test3_2841,A
MSP-PODCAST_test3_2842,C
MSP-PODCAST_test3_2843,H
MSP-PODCAST_test3_2844,H
MSP-PODCAST_test3_2845,H
MSP-PODCAST_test3_2846,N
MSP-PODCAST_test3_2847,N
MSP-PODCAST_test3_2848,A
MSP-PODCAST_test3_2849,U
MSP-PODCAST_test3_2850,A
MSP-PODCAST_test3_2851,S
MSP-PODCAST_test3_2852,A
MSP-PODCAST_test3_2853,A
MSP-PODCAST_test3_2854,H
MSP-PODCAST_test3_2855,H
MSP-PODCAST_test3_2856,S
MSP-PODCAST_test3_2857,N
MSP-PODCAST_test3_2858,H
MSP-PODCAST_test3_2859,H
MSP-PODCAST_test3_2860,A
MSP-PODCAST_test3_2861,N
MSP-PODCAST_test3_2862,H
MSP-PODCAST_test3_2863,N
MSP-PODCAST_test3_2864,H
MSP-PODCAST_test3_2865,H
MSP-PODCAST_test3_2866,H
MSP-PODCAST_test3_2867,N
MSP-PODCAST_test3_2868,A
MSP-PODCAST_test3_2869,A
MSP-PODCAST_test3_2870,H
MSP-PODCAST_test3_2871,H
MSP-PODCAST_test3_2872,H
MSP-PODCAST_test3_2873,H
MSP-PODCAST_test3_2874,S
MSP-PODCAST_test3_2875,F
MSP-PODCAST_test3_2876,N
MSP-PODCAST_test3_2877,F
MSP-PODCAST_test3_2878,H
MSP-PODCAST_test3_2879,F
MSP-PODCAST_test3_2880,F
MSP-PODCAST_test3_2881,H
MSP-PODCAST_test3_2882,N
MSP-PODCAST_test3_2883,H
MSP-PODCAST_test3_2884,H
MSP-PODCAST_test3_2885,A
MSP-PODCAST_test3_2886,A
MSP-PODCAST_test3_2887,S
MSP-PODCAST_test3_2888,H
MSP-PODCAST_test3_2889,H
MSP-PODCAST_test3_2890,A
MSP-PODCAST_test3_2891,F
MSP-PODCAST_test3_2892,H
MSP-PODCAST_test3_2893,H
MSP-PODCAST_test3_2894,N
MSP-PODCAST_test3_2895,H
MSP-PODCAST_test3_2896,H
MSP-PODCAST_test3_2897,S
MSP-PODCAST_test3_2898,D
MSP-PODCAST_test3_2899,F
MSP-PODCAST_test3_2900,S
MSP-PODCAST_test3_2901,S
MSP-PODCAST_test3_2902,N
MSP-PODCAST_test3_2903,N
MSP-PODCAST_test3_2904,F
MSP-PODCAST_test3_2905,H
MSP-PODCAST_test3_2906,N
MSP-PODCAST_test3_2907,N
MSP-PODCAST_test3_2908,D
MSP-PODCAST_test3_2909,F
MSP-PODCAST_test3_2910,A
MSP-PODCAST_test3_2911,A
MSP-PODCAST_test3_2912,S
MSP-PODCAST_test3_2913,S
MSP-PODCAST_test3_2914,S
MSP-PODCAST_test3_2915,A
MSP-PODCAST_test3_2916,U
MSP-PODCAST_test3_2917,A
MSP-PODCAST_test3_2918,H
MSP-PODCAST_test3_2919,D
MSP-PODCAST_test3_2920,S
MSP-PODCAST_test3_2921,U
MSP-PODCAST_test3_2922,A
MSP-PODCAST_test3_2923,D
MSP-PODCAST_test3_2924,H
MSP-PODCAST_test3_2925,H
MSP-PODCAST_test3_2926,H
MSP-PODCAST_test3_2927,H
MSP-PODCAST_test3_2928,A
MSP-PODCAST_test3_2929,N
MSP-PODCAST_test3_2930,N
MSP-PODCAST_test3_2931,H
MSP-PODCAST_test3_2932,H
MSP-PODCAST_test3_2933,C
MSP-PODCAST_test3_2934,H
MSP-PODCAST_test3_2935,F
MSP-PODCAST_test3_2936,N
MSP-PODCAST_test3_2937,H
MSP-PODCAST_test3_2938,A
MSP-PODCAST_test3_2939,N
MSP-PODCAST_test3_2940,F
MSP-PODCAST_test3_2941,A
MSP-PODCAST_test3_2942,N
MSP-PODCAST_test3_2943,S
MSP-PODCAST_test3_2944,U
MSP-PODCAST_test3_2945,A
MSP-PODCAST_test3_2946,S
MSP-PODCAST_test3_2947,A
MSP-PODCAST_test3_2948,C
MSP-PODCAST_test3_2949,H
MSP-PODCAST_test3_2950,U
MSP-PODCAST_test3_2951,N
MSP-PODCAST_test3_2952,U
MSP-PODCAST_test3_2953,N
MSP-PODCAST_test3_2954,A
MSP-PODCAST_test3_2955,F
MSP-PODCAST_test3_2956,H
MSP-PODCAST_test3_2957,A
MSP-PODCAST_test3_2958,A
MSP-PODCAST_test3_2959,H
MSP-PODCAST_test3_2960,A
MSP-PODCAST_test3_2961,F
MSP-PODCAST_test3_2962,N
MSP-PODCAST_test3_2963,A
MSP-PODCAST_test3_2964,N
MSP-PODCAST_test3_2965,A
MSP-PODCAST_test3_2966,N
MSP-PODCAST_test3_2967,S
MSP-PODCAST_test3_2968,H
MSP-PODCAST_test3_2969,U
MSP-PODCAST_test3_2970,S
MSP-PODCAST_test3_2971,N
MSP-PODCAST_test3_2972,A
MSP-PODCAST_test3_2973,D
MSP-PODCAST_test3_2974,A
MSP-PODCAST_test3_2975,F
MSP-PODCAST_test3_2976,N
MSP-PODCAST_test3_2977,H
MSP-PODCAST_test3_2978,F
MSP-PODCAST_test3_2979,H
MSP-PODCAST_test3_2980,N
MSP-PODCAST_test3_2981,A
MSP-PODCAST_test3_2982,A
MSP-PODCAST_test3_2983,C
MSP-PODCAST_test3_2984,U
MSP-PODCAST_test3_2985,A
MSP-PODCAST_test3_2986,H
MSP-PODCAST_test3_2987,A
MSP-PODCAST_test3_2988,N
MSP-PODCAST_test3_2989,H
MSP-PODCAST_test3_2990,A
MSP-PODCAST_test3_2991,N
MSP-PODCAST_test3_2992,A
MSP-PODCAST_test3_2993,A
MSP-PODCAST_test3_2994,H
MSP-PODCAST_test3_2995,A
MSP-PODCAST_test3_2996,U
MSP-PODCAST_test3_2997,N
MSP-PODCAST_test3_2998,A
MSP-PODCAST_test3_2999,D
MSP-PODCAST_test3_3000,H
MSP-PODCAST_test3_3001,H
MSP-PODCAST_test3_3002,H
MSP-PODCAST_test3_3003,D
MSP-PODCAST_test3_3004,U
MSP-PODCAST_test3_3005,F
MSP-PODCAST_test3_3006,N
MSP-PODCAST_test3_3007,H
MSP-PODCAST_test3_3008,H
MSP-PODCAST_test3_3009,F
MSP-PODCAST_test3_3010,N
MSP-PODCAST_test3_3011,U
MSP-PODCAST_test3_3012,F
MSP-PODCAST_test3_3013,S
MSP-PODCAST_test3_3014,H
MSP-PODCAST_test3_3015,N
MSP-PODCAST_test3_3016,H
MSP-PODCAST_test3_3017,N
MSP-PODCAST_test3_3018,H
MSP-PODCAST_test3_3019,N
MSP-PODCAST_test3_3020,H
MSP-PODCAST_test3_3021,H
MSP-PODCAST_test3_3022,F
MSP-PODCAST_test3_3023,N
MSP-PODCAST_test3_3024,A
MSP-PODCAST_test3_3025,C
MSP-PODCAST_test3_3026,S
MSP-PODCAST_test3_3027,H
MSP-PODCAST_test3_3028,A
MSP-PODCAST_test3_3029,A
MSP-PODCAST_test3_3030,S
MSP-PODCAST_test3_3031,S
MSP-PODCAST_test3_3032,H
MSP-PODCAST_test3_3033,N
MSP-PODCAST_test3_3034,A
MSP-PODCAST_test3_3035,H
MSP-PODCAST_test3_3036,A
MSP-PODCAST_test3_3037,H
MSP-PODCAST_test3_3038,H
MSP-PODCAST_test3_3039,H
MSP-PODCAST_test3_3040,H
MSP-PODCAST_test3_3041,N
MSP-PODCAST_test3_3042,H
MSP-PODCAST_test3_3043,H
MSP-PODCAST_test3_3044,N
MSP-PODCAST_test3_3045,H
MSP-PODCAST_test3_3046,H
MSP-PODCAST_test3_3047,H
MSP-PODCAST_test3_3048,H
MSP-PODCAST_test3_3049,H
MSP-PODCAST_test3_3050,N
MSP-PODCAST_test3_3051,N
MSP-PODCAST_test3_3052,A
MSP-PODCAST_test3_3053,F
MSP-PODCAST_test3_3054,S
MSP-PODCAST_test3_3055,N
MSP-PODCAST_test3_3056,A
MSP-PODCAST_test3_3057,F
MSP-PODCAST_test3_3058,N
MSP-PODCAST_test3_3059,N
MSP-PODCAST_test3_3060,H
MSP-PODCAST_test3_3061,C
MSP-PODCAST_test3_3062,S
MSP-PODCAST_test3_3063,S
MSP-PODCAST_test3_3064,A
MSP-PODCAST_test3_3065,A
MSP-PODCAST_test3_3066,S
MSP-PODCAST_test3_3067,H
MSP-PODCAST_test3_3068,A
MSP-PODCAST_test3_3069,H
MSP-PODCAST_test3_3070,H
MSP-PODCAST_test3_3071,N
MSP-PODCAST_test3_3072,S
MSP-PODCAST_test3_3073,S
MSP-PODCAST_test3_3074,A
MSP-PODCAST_test3_3075,U
MSP-PODCAST_test3_3076,F
MSP-PODCAST_test3_3077,H
MSP-PODCAST_test3_3078,C
MSP-PODCAST_test3_3079,F
MSP-PODCAST_test3_3080,N
MSP-PODCAST_test3_3081,S
MSP-PODCAST_test3_3082,H
MSP-PODCAST_test3_3083,C
MSP-PODCAST_test3_3084,U
MSP-PODCAST_test3_3085,N
MSP-PODCAST_test3_3086,S
MSP-PODCAST_test3_3087,D
MSP-PODCAST_test3_3088,S
MSP-PODCAST_test3_3089,D
MSP-PODCAST_test3_3090,C
MSP-PODCAST_test3_3091,S
MSP-PODCAST_test3_3092,F
MSP-PODCAST_test3_3093,S
MSP-PODCAST_test3_3094,A
MSP-PODCAST_test3_3095,A
MSP-PODCAST_test3_3096,S
MSP-PODCAST_test3_3097,N
MSP-PODCAST_test3_3098,H
MSP-PODCAST_test3_3099,U
MSP-PODCAST_test3_3100,A
MSP-PODCAST_test3_3101,N
MSP-PODCAST_test3_3102,H
MSP-PODCAST_test3_3103,N
MSP-PODCAST_test3_3104,N
MSP-PODCAST_test3_3105,N
MSP-PODCAST_test3_3106,N
MSP-PODCAST_test3_3107,C
MSP-PODCAST_test3_3108,S
MSP-PODCAST_test3_3109,S
MSP-PODCAST_test3_3110,S
MSP-PODCAST_test3_3111,N
MSP-PODCAST_test3_3112,D
MSP-PODCAST_test3_3113,N
MSP-PODCAST_test3_3114,S
MSP-PODCAST_test3_3115,S
MSP-PODCAST_test3_3116,A
MSP-PODCAST_test3_3117,F
MSP-PODCAST_test3_3118,U
MSP-PODCAST_test3_3119,N
MSP-PODCAST_test3_3120,H
MSP-PODCAST_test3_3121,D
MSP-PODCAST_test3_3122,N
MSP-PODCAST_test3_3123,N
MSP-PODCAST_test3_3124,A
MSP-PODCAST_test3_3125,H
MSP-PODCAST_test3_3126,C
MSP-PODCAST_test3_3127,S
MSP-PODCAST_test3_3128,H
MSP-PODCAST_test3_3129,A
MSP-PODCAST_test3_3130,N
MSP-PODCAST_test3_3131,S
MSP-PODCAST_test3_3132,N
MSP-PODCAST_test3_3133,N
MSP-PODCAST_test3_3134,S
MSP-PODCAST_test3_3135,S
MSP-PODCAST_test3_3136,N
MSP-PODCAST_test3_3137,A
MSP-PODCAST_test3_3138,A
MSP-PODCAST_test3_3139,N
MSP-PODCAST_test3_3140,F
MSP-PODCAST_test3_3141,A
MSP-PODCAST_test3_3142,S
MSP-PODCAST_test3_3143,N
MSP-PODCAST_test3_3144,A
MSP-PODCAST_test3_3145,H
MSP-PODCAST_test3_3146,S
MSP-PODCAST_test3_3147,H
MSP-PODCAST_test3_3148,H
MSP-PODCAST_test3_3149,N
MSP-PODCAST_test3_3150,N
MSP-PODCAST_test3_3151,N
MSP-PODCAST_test3_3152,S
MSP-PODCAST_test3_3153,N
MSP-PODCAST_test3_3154,S
MSP-PODCAST_test3_3155,H
MSP-PODCAST_test3_3156,A
MSP-PODCAST_test3_3157,F
MSP-PODCAST_test3_3158,S
MSP-PODCAST_test3_3159,A
MSP-PODCAST_test3_3160,S
MSP-PODCAST_test3_3161,A
MSP-PODCAST_test3_3162,H
MSP-PODCAST_test3_3163,N
MSP-PODCAST_test3_3164,D
MSP-PODCAST_test3_3165,C
MSP-PODCAST_test3_3166,S
MSP-PODCAST_test3_3167,U
MSP-PODCAST_test3_3168,A
MSP-PODCAST_test3_3169,H
MSP-PODCAST_test3_3170,N
MSP-PODCAST_test3_3171,A
MSP-PODCAST_test3_3172,N
MSP-PODCAST_test3_3173,N
MSP-PODCAST_test3_3174,N
MSP-PODCAST_test3_3175,A
MSP-PODCAST_test3_3176,C
MSP-PODCAST_test3_3177,S
MSP-PODCAST_test3_3178,S
MSP-PODCAST_test3_3179,A
MSP-PODCAST_test3_3180,A
MSP-PODCAST_test3_3181,S
MSP-PODCAST_test3_3182,A
MSP-PODCAST_test3_3183,F
MSP-PODCAST_test3_3184,S
MSP-PODCAST_test3_3185,N
MSP-PODCAST_test3_3186,N
MSP-PODCAST_test3_3187,U
MSP-PODCAST_test3_3188,H
MSP-PODCAST_test3_3189,F
MSP-PODCAST_test3_3190,N
MSP-PODCAST_test3_3191,C
MSP-PODCAST_test3_3192,H
MSP-PODCAST_test3_3193,S
MSP-PODCAST_test3_3194,N
MSP-PODCAST_test3_3195,A
MSP-PODCAST_test3_3196,U
MSP-PODCAST_test3_3197,H
MSP-PODCAST_test3_3198,F
MSP-PODCAST_test3_3199,H
MSP-PODCAST_test3_3200,U
